alpha,attack,attack_success_rate,clean_accuracy,communication,config_sha256,dataset,detection_f1,detection_precision,detection_recall,experiment_name,final_round,git_commit,hierarchical_aggregation,local_epochs,macro_f1,malicious_fraction,method,num_clients,num_edges,privacy_epsilon,run_dir,runtime,seed,selected_clients_per_round,stability_failures,tierguard_adaptive_gamma,tierguard_clip_multiplier,tierguard_gamma,tierguard_score_mode,tierguard_tau_high,tierguard_tau_low,protocol_id,protocol_manifest_sha256,python,platform,device,torch_version,torchvision_version,resolved_config_sha256,configured_rounds
0.5,adaptive_tierguard_aware,0.08695652173913043,0.9033333333333333,59.97124099731445,48c460fa3a197edafe49c3077e7a49863463678b5fb39e2e5b49c432430d146b,digits,0.33333333333333337,0.2,1.0,tierguard-confirmatory-v1,20,88a02253ff67d0d336dc4dc041c8620b5b851533,True,2,0.9013454033059716,0.2,hfl_fedavg,20,5,0.0,results/confirmatory_v1/digits/hfl_fedavg/adaptive_tierguard_aware/alpha_0.5/mal_0.2/seed_101/20260915_134901_829271,10.101987361907959,101,10,0,True,4.0,0.5,relative,0.9,0.75,tierguard-confirmatory-v1,14d610cc9ec7357c3341a8848f3ff882f68045781c29b0f78e6b44bbd1f2103e,"3.12.10 (tags/v3.12.10:0cc8128, Apr  8 2025, 12:21:36) [MSC v.1943 64 bit (AMD64)]",Windows-11-10.0.26200-SP0,cpu,2.11.0+cu128,0.26.0+cu128,8c20cd547e7d3f77f9c3c9ac5ee058266efc6fe99fe07c5304c27398f1359dd7,20
0.5,adaptive_tierguard_aware,0.04044117647058824,0.8966666666666666,59.97124099731445,ffc059f0deef73c4c1c2b080c6a863bca8349118dc7ca9b797169958ad566d28,digits,0.4615384615384615,0.3,1.0,tierguard-confirmatory-v1,20,88a02253ff67d0d336dc4dc041c8620b5b851533,True,2,0.8967558897331734,0.2,hfl_fedavg,20,5,0.0,results/confirmatory_v1/digits/hfl_fedavg/adaptive_tierguard_aware/alpha_0.5/mal_0.2/seed_202/20260915_134903_818880,9.666033744812012,202,10,0,True,4.0,0.5,relative,0.9,0.75,tierguard-confirmatory-v1,14d610cc9ec7357c3341a8848f3ff882f68045781c29b0f78e6b44bbd1f2103e,"3.12.10 (tags/v3.12.10:0cc8128, Apr  8 2025, 12:21:36) [MSC v.1943 64 bit (AMD64)]",Windows-11-10.0.26200-SP0,cpu,2.11.0+cu128,0.26.0+cu128,be3013185fcc3e825bd6afe9e337e0ee2a27d4fc27d16cd5a7fdeaf662d8798b,20
0.5,adaptive_tierguard_aware,0.31800766283524906,0.7733333333333333,59.769317626953125,a9b25955298eaaaac4b3799f0f2691989b284dd21df87e8a73bc05b033fcfb9d,digits,0.4615384615384615,0.3,1.0,tierguard-confirmatory-v1,20,88a02253ff67d0d336dc4dc041c8620b5b851533,True,2,0.7481641776379097,0.2,hfl_fedavg,20,5,0.0,results/confirmatory_v1/digits/hfl_fedavg/adaptive_tierguard_aware/alpha_0.5/mal_0.2/seed_303/20260915_134911_360903,9.599652767181396,303,10,0,True,4.0,0.5,relative,0.9,0.75,tierguard-confirmatory-v1,14d610cc9ec7357c3341a8848f3ff882f68045781c29b0f78e6b44bbd1f2103e,"3.12.10 (tags/v3.12.10:0cc8128, Apr  8 2025, 12:21:36) [MSC v.1943 64 bit (AMD64)]",Windows-11-10.0.26200-SP0,cpu,2.11.0+cu128,0.26.0+cu128,014d6f9f78f48fa83b6204a733e4740a4e74c4d482851c5a0865c5f83028cf6e,20
0.5,adaptive_tierguard_aware,0.04887218045112782,0.8966666666666666,60.37508773803711,0b369571aa7429403c1696935dda52a1f6a326e09cb1882f3fbf4e1d6f7c7ac8,digits,0.4615384615384615,0.3,1.0,tierguard-confirmatory-v1,20,88a02253ff67d0d336dc4dc041c8620b5b851533,True,2,0.8954064622147685,0.2,hfl_fedavg,20,5,0.0,results/confirmatory_v1/digits/hfl_fedavg/adaptive_tierguard_aware/alpha_0.5/mal_0.2/seed_404/20260915_134912_179995,9.625435590744019,404,10,0,True,4.0,0.5,relative,0.9,0.75,tierguard-confirmatory-v1,14d610cc9ec7357c3341a8848f3ff882f68045781c29b0f78e6b44bbd1f2103e,"3.12.10 (tags/v3.12.10:0cc8128, Apr  8 2025, 12:21:36) [MSC v.1943 64 bit (AMD64)]",Windows-11-10.0.26200-SP0,cpu,2.11.0+cu128,0.26.0+cu128,3466a7d986b6287492c2643a36d586bc9641e1adac66dad3e3ad5919cf49c2ff,20
0.5,adaptive_tierguard_aware,0.0036496350364963502,0.9,59.36547088623047,4d3a0271e296759c2f106696df2bde7fc7fc55adf6931415848626b2a3122db9,digits,0.4615384615384615,0.3,1.0,tierguard-confirmatory-v1,20,88a02253ff67d0d336dc4dc041c8620b5b851533,True,2,0.9004215855428626,0.2,hfl_fedavg,20,5,0.0,results/confirmatory_v1/digits/hfl_fedavg/adaptive_tierguard_aware/alpha_0.5/mal_0.2/seed_505/20260915_134914_384318,9.323717594146729,505,10,0,True,4.0,0.5,relative,0.9,0.75,tierguard-confirmatory-v1,14d610cc9ec7357c3341a8848f3ff882f68045781c29b0f78e6b44bbd1f2103e,"3.12.10 (tags/v3.12.10:0cc8128, Apr  8 2025, 12:21:36) [MSC v.1943 64 bit (AMD64)]",Windows-11-10.0.26200-SP0,cpu,2.11.0+cu128,0.26.0+cu128,15898d5030a0febcdfa553caf6ecf0a54fc2d37e1cde5125c3d6a363efca876e,20
0.5,adaptive_tierguard_aware,0.00749063670411985,0.92,59.769317626953125,dcfe8d41b5f7a25a533fe465d812ffaca22d2c01354097574541c35f24eecc6b,digits,0.4615384615384615,0.3,1.0,tierguard-confirmatory-v1,20,88a02253ff67d0d336dc4dc041c8620b5b851533,True,2,0.9231538069899308,0.2,hfl_fedavg,20,5,0.0,results/confirmatory_v1/digits/hfl_fedavg/adaptive_tierguard_aware/alpha_0.5/mal_0.2/seed_606/20260915_134916_152679,9.498544931411743,606,10,0,True,4.0,0.5,relative,0.9,0.75,tierguard-confirmatory-v1,14d610cc9ec7357c3341a8848f3ff882f68045781c29b0f78e6b44bbd1f2103e,"3.12.10 (tags/v3.12.10:0cc8128, Apr  8 2025, 12:21:36) [MSC v.1943 64 bit (AMD64)]",Windows-11-10.0.26200-SP0,cpu,2.11.0+cu128,0.26.0+cu128,5ca0dd0607cdb4771f856a9c4d812cee9a62465fa262845e7e739690afb9ee0e,20
0.5,adaptive_tierguard_aware,0.0,0.5666666666666667,59.97124099731445,8ce6ff4f91675fd0e25496bc7b967d8fba544678c1f1053fd54349962869e78c,digits,0.33333333333333337,0.2,1.0,tierguard-confirmatory-v1,20,88a02253ff67d0d336dc4dc041c8620b5b851533,True,2,0.4785566003614937,0.2,hfl_fltrust,20,5,0.0,results/confirmatory_v1/digits/hfl_fltrust/adaptive_tierguard_aware/alpha_0.5/mal_0.2/seed_101/20260915_134923_565544,8.119761943817139,101,10,0,True,4.0,0.5,relative,0.9,0.75,tierguard-confirmatory-v1,14d610cc9ec7357c3341a8848f3ff882f68045781c29b0f78e6b44bbd1f2103e,"3.12.10 (tags/v3.12.10:0cc8128, Apr  8 2025, 12:21:36) [MSC v.1943 64 bit (AMD64)]",Windows-11-10.0.26200-SP0,cpu,2.11.0+cu128,0.26.0+cu128,cdbcd19e03ebd19d56d263c5ca74d5ffe3f3ac3ec6571a40d0909414f8dda9dd,20
0.5,adaptive_tierguard_aware,0.22794117647058823,0.6166666666666667,59.97124099731445,37aad4f9c7f96d062a236a945d5379a7e630fbf161af240c3e35bad14fd31234,digits,0.4615384615384615,0.3,1.0,tierguard-confirmatory-v1,20,88a02253ff67d0d336dc4dc041c8620b5b851533,True,2,0.5863273736052417,0.2,hfl_fltrust,20,5,0.0,results/confirmatory_v1/digits/hfl_fltrust/adaptive_tierguard_aware/alpha_0.5/mal_0.2/seed_202/20260915_134924_247487,7.744261264801025,202,10,0,True,4.0,0.5,relative,0.9,0.75,tierguard-confirmatory-v1,14d610cc9ec7357c3341a8848f3ff882f68045781c29b0f78e6b44bbd1f2103e,"3.12.10 (tags/v3.12.10:0cc8128, Apr  8 2025, 12:21:36) [MSC v.1943 64 bit (AMD64)]",Windows-11-10.0.26200-SP0,cpu,2.11.0+cu128,0.26.0+cu128,9e9b14b08641103c13a5195fb21cb97076d37d60676017b8a1e84fcc94a9d142,20
0.5,adaptive_tierguard_aware,0.007662835249042145,0.6666666666666666,59.769317626953125,28ca3feccfb3c5bbb262e0851af40dc32c9286d47c57d7a44498bc60c6fb3a45,digits,0.4615384615384615,0.3,1.0,tierguard-confirmatory-v1,20,88a02253ff67d0d336dc4dc041c8620b5b851533,True,2,0.5937911729223571,0.2,hfl_fltrust,20,5,0.0,results/confirmatory_v1/digits/hfl_fltrust/adaptive_tierguard_aware/alpha_0.5/mal_0.2/seed_303/20260915_134926_106896,7.7558794021606445,303,10,0,True,4.0,0.5,relative,0.9,0.75,tierguard-confirmatory-v1,14d610cc9ec7357c3341a8848f3ff882f68045781c29b0f78e6b44bbd1f2103e,"3.12.10 (tags/v3.12.10:0cc8128, Apr  8 2025, 12:21:36) [MSC v.1943 64 bit (AMD64)]",Windows-11-10.0.26200-SP0,cpu,2.11.0+cu128,0.26.0+cu128,e1d98ff2bb64cd6813f15f24702b5ca95fe2046e5d1552e94ebbe97a11d77b2a,20
0.5,adaptive_tierguard_aware,0.018796992481203006,0.7766666666666666,60.37508773803711,e6dba789ba76ba8aa2e1d40102c857a702ddc3a798c2da4013f40db953d5bdbd,digits,0.4615384615384615,0.3,1.0,tierguard-confirmatory-v1,20,88a02253ff67d0d336dc4dc041c8620b5b851533,True,2,0.7658959770423027,0.2,hfl_fltrust,20,5,0.0,results/confirmatory_v1/digits/hfl_fltrust/adaptive_tierguard_aware/alpha_0.5/mal_0.2/seed_404/20260915_134928_231719,7.528409481048584,404,10,0,True,4.0,0.5,relative,0.9,0.75,tierguard-confirmatory-v1,14d610cc9ec7357c3341a8848f3ff882f68045781c29b0f78e6b44bbd1f2103e,"3.12.10 (tags/v3.12.10:0cc8128, Apr  8 2025, 12:21:36) [MSC v.1943 64 bit (AMD64)]",Windows-11-10.0.26200-SP0,cpu,2.11.0+cu128,0.26.0+cu128,b64a109e235f8e304c2a1336ce8851e49b54f8522d9498d1a5dd8ed5944a0ddf,20
0.5,adaptive_tierguard_aware,0.29927007299270075,0.7466666666666667,59.36547088623047,1cf9a1a92a5e05e5eae47909c034ff595b05b682b961b4de1e194e0ffc506e45,digits,0.4615384615384615,0.3,1.0,tierguard-confirmatory-v1,20,88a02253ff67d0d336dc4dc041c8620b5b851533,True,2,0.7565299773491322,0.2,hfl_fltrust,20,5,0.0,results/confirmatory_v1/digits/hfl_fltrust/adaptive_tierguard_aware/alpha_0.5/mal_0.2/seed_505/20260915_134933_864533,7.743149042129517,505,10,0,True,4.0,0.5,relative,0.9,0.75,tierguard-confirmatory-v1,14d610cc9ec7357c3341a8848f3ff882f68045781c29b0f78e6b44bbd1f2103e,"3.12.10 (tags/v3.12.10:0cc8128, Apr  8 2025, 12:21:36) [MSC v.1943 64 bit (AMD64)]",Windows-11-10.0.26200-SP0,cpu,2.11.0+cu128,0.26.0+cu128,b6b5b7089772c75ad921de3da5184b090149a4f673052094857ec95ce0685af6,20
0.5,adaptive_tierguard_aware,0.06367041198501873,0.61,59.769317626953125,ffdcbab0cb789af6011d6ae4dedc9137d8fef02a5c0db95860aea53af88ccaea,digits,0.4615384615384615,0.3,1.0,tierguard-confirmatory-v1,20,88a02253ff67d0d336dc4dc041c8620b5b851533,True,2,0.6073462784070086,0.2,hfl_fltrust,20,5,0.0,results/confirmatory_v1/digits/hfl_fltrust/adaptive_tierguard_aware/alpha_0.5/mal_0.2/seed_606/20260915_134934_108305,7.947725534439087,606,10,0,True,4.0,0.5,relative,0.9,0.75,tierguard-confirmatory-v1,14d610cc9ec7357c3341a8848f3ff882f68045781c29b0f78e6b44bbd1f2103e,"3.12.10 (tags/v3.12.10:0cc8128, Apr  8 2025, 12:21:36) [MSC v.1943 64 bit (AMD64)]",Windows-11-10.0.26200-SP0,cpu,2.11.0+cu128,0.26.0+cu128,edf4a423aa3cda5e7692a51ec35225260dffa1952f3592b7613609267c16d74f,20
0.5,adaptive_tierguard_aware,0.03985507246376811,0.8666666666666667,59.97124099731445,996801345e4eabdc32d66c612f1794ed56cd340ba461ed7a5bd0ae4f55ca4fea,digits,0.33333333333333337,0.2,1.0,tierguard-confirmatory-v1,20,88a02253ff67d0d336dc4dc041c8620b5b851533,True,2,0.8651244509426084,0.2,hfl_rfa,20,5,0.0,results/confirmatory_v1/digits/hfl_rfa/adaptive_tierguard_aware/alpha_0.5/mal_0.2/seed_101/20260915_134954_232017,8.460278272628784,101,10,0,True,4.0,0.5,relative,0.9,0.75,tierguard-confirmatory-v1,14d610cc9ec7357c3341a8848f3ff882f68045781c29b0f78e6b44bbd1f2103e,"3.12.10 (tags/v3.12.10:0cc8128, Apr  8 2025, 12:21:36) [MSC v.1943 64 bit (AMD64)]",Windows-11-10.0.26200-SP0,cpu,2.11.0+cu128,0.26.0+cu128,44b5bfa532473f96ed751bc7efd08219a4aefdbc0734affbc3426f43f00613c0,20
0.5,adaptive_tierguard_aware,0.03308823529411765,0.83,59.97124099731445,f92a1bc6a3ef36ead0a6f6b1bac06ee3eecda783509aea963f928f53df595926,digits,0.4615384615384615,0.3,1.0,tierguard-confirmatory-v1,20,88a02253ff67d0d336dc4dc041c8620b5b851533,True,2,0.8214212816393459,0.2,hfl_rfa,20,5,0.0,results/confirmatory_v1/digits/hfl_rfa/adaptive_tierguard_aware/alpha_0.5/mal_0.2/seed_202/20260915_134954_612410,8.179014205932617,202,10,0,True,4.0,0.5,relative,0.9,0.75,tierguard-confirmatory-v1,14d610cc9ec7357c3341a8848f3ff882f68045781c29b0f78e6b44bbd1f2103e,"3.12.10 (tags/v3.12.10:0cc8128, Apr  8 2025, 12:21:36) [MSC v.1943 64 bit (AMD64)]",Windows-11-10.0.26200-SP0,cpu,2.11.0+cu128,0.26.0+cu128,822d1ffe117d2ec518300a5f7e97b164a3598a99c7a4e61f65939f22395b6388,20
0.5,adaptive_tierguard_aware,0.0038314176245210726,0.8233333333333334,59.769317626953125,06094f5d5b45f829e4e354710dcc1b1c57153e0958092c2f0ec5d7d2630e7305,digits,0.4615384615384615,0.3,1.0,tierguard-confirmatory-v1,20,88a02253ff67d0d336dc4dc041c8620b5b851533,True,2,0.8034797466700075,0.2,hfl_rfa,20,5,0.0,results/confirmatory_v1/digits/hfl_rfa/adaptive_tierguard_aware/alpha_0.5/mal_0.2/seed_303/20260915_134956_464301,8.451491355895996,303,10,0,True,4.0,0.5,relative,0.9,0.75,tierguard-confirmatory-v1,14d610cc9ec7357c3341a8848f3ff882f68045781c29b0f78e6b44bbd1f2103e,"3.12.10 (tags/v3.12.10:0cc8128, Apr  8 2025, 12:21:36) [MSC v.1943 64 bit (AMD64)]",Windows-11-10.0.26200-SP0,cpu,2.11.0+cu128,0.26.0+cu128,f5f36a7ed92f83f2f65fcc1cf8964e55625f4a72347abda643e35790865781c9,20
0.5,adaptive_tierguard_aware,0.02631578947368421,0.7433333333333333,60.37508773803711,a4eb14ed95bb9c7de001cf7b031cdbc2fe91b17af1ac4fff1818ed5f57b00f1b,digits,0.4615384615384615,0.3,1.0,tierguard-confirmatory-v1,20,88a02253ff67d0d336dc4dc041c8620b5b851533,True,2,0.7204424707495727,0.2,hfl_rfa,20,5,0.0,results/confirmatory_v1/digits/hfl_rfa/adaptive_tierguard_aware/alpha_0.5/mal_0.2/seed_404/20260915_134958_936536,8.412288904190063,404,10,0,True,4.0,0.5,relative,0.9,0.75,tierguard-confirmatory-v1,14d610cc9ec7357c3341a8848f3ff882f68045781c29b0f78e6b44bbd1f2103e,"3.12.10 (tags/v3.12.10:0cc8128, Apr  8 2025, 12:21:36) [MSC v.1943 64 bit (AMD64)]",Windows-11-10.0.26200-SP0,cpu,2.11.0+cu128,0.26.0+cu128,d5a76c37a0ad4183d81f2981e7da1943c2e6288bcdd61c5d285ba0f41f3d9344,20
0.5,adaptive_tierguard_aware,0.0,0.8733333333333333,59.36547088623047,8f57fa37cc6c5e6df8c31273dc808e9271c731e3be974dacfd150412275ba2c1,digits,0.4615384615384615,0.3,1.0,tierguard-confirmatory-v1,20,88a02253ff67d0d336dc4dc041c8620b5b851533,True,2,0.853737230163216,0.2,hfl_rfa,20,5,0.0,results/confirmatory_v1/digits/hfl_rfa/adaptive_tierguard_aware/alpha_0.5/mal_0.2/seed_505/20260915_135004_807696,8.263286590576172,505,10,0,True,4.0,0.5,relative,0.9,0.75,tierguard-confirmatory-v1,14d610cc9ec7357c3341a8848f3ff882f68045781c29b0f78e6b44bbd1f2103e,"3.12.10 (tags/v3.12.10:0cc8128, Apr  8 2025, 12:21:36) [MSC v.1943 64 bit (AMD64)]",Windows-11-10.0.26200-SP0,cpu,2.11.0+cu128,0.26.0+cu128,102f6554d8dfea83b20e8113520b5f4a43d9cec56bc76a892d498de72ddc3945,20
0.5,adaptive_tierguard_aware,0.0149812734082397,0.89,59.769317626953125,f87b6102b87e1aafe528248310d8376babcf12684ab930c8e6b8dcb512fd3ff3,digits,0.4615384615384615,0.3,1.0,tierguard-confirmatory-v1,20,88a02253ff67d0d336dc4dc041c8620b5b851533,True,2,0.8906732267162767,0.2,hfl_rfa,20,5,0.0,results/confirmatory_v1/digits/hfl_rfa/adaptive_tierguard_aware/alpha_0.5/mal_0.2/seed_606/20260915_135004_941414,8.508089780807495,606,10,0,True,4.0,0.5,relative,0.9,0.75,tierguard-confirmatory-v1,14d610cc9ec7357c3341a8848f3ff882f68045781c29b0f78e6b44bbd1f2103e,"3.12.10 (tags/v3.12.10:0cc8128, Apr  8 2025, 12:21:36) [MSC v.1943 64 bit (AMD64)]",Windows-11-10.0.26200-SP0,cpu,2.11.0+cu128,0.26.0+cu128,ec3ca731ffe454bae5cb055a6590d0eebaacd2f16109a14a5271129c00bbfc35,20
0.5,adaptive_tierguard_aware,0.025362318840579712,0.84,59.97124099731445,9cdb3bba1ccd326c373a67cd2401ff2fd26b14b1bad2e1e5b7138cf88ede99ab,digits,0.33333333333333337,0.2,1.0,tierguard-confirmatory-v1,20,88a02253ff67d0d336dc4dc041c8620b5b851533,True,2,0.835238313616327,0.2,hfl_trimmed_mean,20,5,0.0,results/confirmatory_v1/digits/hfl_trimmed_mean/adaptive_tierguard_aware/alpha_0.5/mal_0.2/seed_101/20260915_134935_971356,7.995643377304077,101,10,0,True,4.0,0.5,relative,0.9,0.75,tierguard-confirmatory-v1,14d610cc9ec7357c3341a8848f3ff882f68045781c29b0f78e6b44bbd1f2103e,"3.12.10 (tags/v3.12.10:0cc8128, Apr  8 2025, 12:21:36) [MSC v.1943 64 bit (AMD64)]",Windows-11-10.0.26200-SP0,cpu,2.11.0+cu128,0.26.0+cu128,7f6e5f69d0989e9d29f686a903a548fc74b0ddb2a74f143e35f60d82fd4699e2,20
0.5,adaptive_tierguard_aware,0.01838235294117647,0.9,59.97124099731445,cb5486c2e1b8286a1e9d63faf3a62aa710918aeaaec6c90a69182cb146bcc506,digits,0.4615384615384615,0.3,1.0,tierguard-confirmatory-v1,20,88a02253ff67d0d336dc4dc041c8620b5b851533,True,2,0.8999690603757949,0.2,hfl_trimmed_mean,20,5,0.0,results/confirmatory_v1/digits/hfl_trimmed_mean/adaptive_tierguard_aware/alpha_0.5/mal_0.2/seed_202/20260915_134937_739520,8.031619310379028,202,10,0,True,4.0,0.5,relative,0.9,0.75,tierguard-confirmatory-v1,14d610cc9ec7357c3341a8848f3ff882f68045781c29b0f78e6b44bbd1f2103e,"3.12.10 (tags/v3.12.10:0cc8128, Apr  8 2025, 12:21:36) [MSC v.1943 64 bit (AMD64)]",Windows-11-10.0.26200-SP0,cpu,2.11.0+cu128,0.26.0+cu128,f2b00eb7d4c1c4705e68d582edfe0938d576417d45a7b66ba6dc3f54fac3f2f6,20
0.5,adaptive_tierguard_aware,0.011494252873563218,0.8233333333333334,59.769317626953125,5e013a8e1b1be717731abdea810399ae5371c3c3c0d77a34ca954eee77d84f92,digits,0.4615384615384615,0.3,1.0,tierguard-confirmatory-v1,20,88a02253ff67d0d336dc4dc041c8620b5b851533,True,2,0.7949862775849803,0.2,hfl_trimmed_mean,20,5,0.0,results/confirmatory_v1/digits/hfl_trimmed_mean/adaptive_tierguard_aware/alpha_0.5/mal_0.2/seed_303/20260915_134943_556074,8.45991826057434,303,10,0,True,4.0,0.5,relative,0.9,0.75,tierguard-confirmatory-v1,14d610cc9ec7357c3341a8848f3ff882f68045781c29b0f78e6b44bbd1f2103e,"3.12.10 (tags/v3.12.10:0cc8128, Apr  8 2025, 12:21:36) [MSC v.1943 64 bit (AMD64)]",Windows-11-10.0.26200-SP0,cpu,2.11.0+cu128,0.26.0+cu128,551c0a2706d6802f1accd2fa0a448da51210d4e9881fd1cbc7e3fc1455eaba87,20
0.5,adaptive_tierguard_aware,0.15789473684210525,0.7766666666666666,60.37508773803711,4e53d97de80c073b7bd145debf2fd24fdeebd4bfc2d392525a4e034da76c9237,digits,0.4615384615384615,0.3,1.0,tierguard-confirmatory-v1,20,88a02253ff67d0d336dc4dc041c8620b5b851533,True,2,0.7714978890213303,0.2,hfl_trimmed_mean,20,5,0.0,results/confirmatory_v1/digits/hfl_trimmed_mean/adaptive_tierguard_aware/alpha_0.5/mal_0.2/seed_404/20260915_134944_113472,8.367061138153076,404,10,0,True,4.0,0.5,relative,0.9,0.75,tierguard-confirmatory-v1,14d610cc9ec7357c3341a8848f3ff882f68045781c29b0f78e6b44bbd1f2103e,"3.12.10 (tags/v3.12.10:0cc8128, Apr  8 2025, 12:21:36) [MSC v.1943 64 bit (AMD64)]",Windows-11-10.0.26200-SP0,cpu,2.11.0+cu128,0.26.0+cu128,c1ffccc76a21981f03b0722b534409e0259f1f92183f491b14542edb209997c1,20
0.5,adaptive_tierguard_aware,0.0364963503649635,0.7766666666666666,59.36547088623047,a1631078ec87a57e241e437c234f49a15b2680e215416ef7705610a065c16ce4,digits,0.4615384615384615,0.3,1.0,tierguard-confirmatory-v1,20,88a02253ff67d0d336dc4dc041c8620b5b851533,True,2,0.7458072624481842,0.2,hfl_trimmed_mean,20,5,0.0,results/confirmatory_v1/digits/hfl_trimmed_mean/adaptive_tierguard_aware/alpha_0.5/mal_0.2/seed_505/20260915_134946_008359,8.318596363067627,505,10,0,True,4.0,0.5,relative,0.9,0.75,tierguard-confirmatory-v1,14d610cc9ec7357c3341a8848f3ff882f68045781c29b0f78e6b44bbd1f2103e,"3.12.10 (tags/v3.12.10:0cc8128, Apr  8 2025, 12:21:36) [MSC v.1943 64 bit (AMD64)]",Windows-11-10.0.26200-SP0,cpu,2.11.0+cu128,0.26.0+cu128,f2a2adf30161e9d6e2712b4732b8ac777925db847ed88b0db106af4b0565bbe2,20
0.5,adaptive_tierguard_aware,0.052434456928838954,0.89,59.769317626953125,8ae7fdf004a712cfb1fe351a726ad739aef0362be85ddc17b409c2d92084defd,digits,0.4615384615384615,0.3,1.0,tierguard-confirmatory-v1,20,88a02253ff67d0d336dc4dc041c8620b5b851533,True,2,0.8932949370014178,0.2,hfl_trimmed_mean,20,5,0.0,results/confirmatory_v1/digits/hfl_trimmed_mean/adaptive_tierguard_aware/alpha_0.5/mal_0.2/seed_606/20260915_134947_886568,8.877142429351807,606,10,0,True,4.0,0.5,relative,0.9,0.75,tierguard-confirmatory-v1,14d610cc9ec7357c3341a8848f3ff882f68045781c29b0f78e6b44bbd1f2103e,"3.12.10 (tags/v3.12.10:0cc8128, Apr  8 2025, 12:21:36) [MSC v.1943 64 bit (AMD64)]",Windows-11-10.0.26200-SP0,cpu,2.11.0+cu128,0.26.0+cu128,17d480916fc30ca15eea464e6c76a6f4709bdc942602f2e08417b1596e5eb977,20
0.5,adaptive_tierguard_aware,0.0,0.89,59.97124099731445,499247bf328e160975be9fd41ba1d1a6d952a72d330e3dbe7b73b552836fab62,digits,0.5714285714285715,0.4,1.0,tierguard-confirmatory-v1,20,88a02253ff67d0d336dc4dc041c8620b5b851533,True,2,0.8864136403947329,0.2,tierguard,20,5,0.0,results/confirmatory_v1/digits/tierguard/adaptive_tierguard_aware/alpha_0.5/mal_0.2/seed_101/20260915_135007_072731,9.635179281234741,101,10,0,True,4.0,0.5,relative,0.9,0.75,tierguard-confirmatory-v1,14d610cc9ec7357c3341a8848f3ff882f68045781c29b0f78e6b44bbd1f2103e,"3.12.10 (tags/v3.12.10:0cc8128, Apr  8 2025, 12:21:36) [MSC v.1943 64 bit (AMD64)]",Windows-11-10.0.26200-SP0,cpu,2.11.0+cu128,0.26.0+cu128,af04c449195fd13042c5e93dee281d9f45e6edf65a737e472833199eceb6285c,20
0.5,adaptive_tierguard_aware,0.007352941176470588,0.8966666666666666,59.97124099731445,71d61ecb84c96b13cdd522de0871daa815c9254d4ef1e46da34d1e34a9ade249,digits,0.7499999999999999,0.6,1.0,tierguard-confirmatory-v1,20,88a02253ff67d0d336dc4dc041c8620b5b851533,True,2,0.8984597681924678,0.2,tierguard,20,5,0.0,results/confirmatory_v1/digits/tierguard/adaptive_tierguard_aware/alpha_0.5/mal_0.2/seed_202/20260915_135009_447588,9.495013952255249,202,10,0,True,4.0,0.5,relative,0.9,0.75,tierguard-confirmatory-v1,14d610cc9ec7357c3341a8848f3ff882f68045781c29b0f78e6b44bbd1f2103e,"3.12.10 (tags/v3.12.10:0cc8128, Apr  8 2025, 12:21:36) [MSC v.1943 64 bit (AMD64)]",Windows-11-10.0.26200-SP0,cpu,2.11.0+cu128,0.26.0+cu128,510788f129df46d662337bdb54d9c633adf6250db0575bd5772ea205e8afd445,20
0.5,adaptive_tierguard_aware,0.03065134099616858,0.8466666666666667,59.769317626953125,6a020b8c1d2c056f2255d1975d08cdaeb4b8ac338eb715bb3c5c59183497f8a9,digits,0.7499999999999999,0.6,1.0,tierguard-confirmatory-v1,20,88a02253ff67d0d336dc4dc041c8620b5b851533,True,2,0.8310951913637972,0.2,tierguard,20,5,0.0,results/confirmatory_v1/digits/tierguard/adaptive_tierguard_aware/alpha_0.5/mal_0.2/seed_303/20260915_135015_135769,10.291956424713135,303,10,0,True,4.0,0.5,relative,0.9,0.75,tierguard-confirmatory-v1,14d610cc9ec7357c3341a8848f3ff882f68045781c29b0f78e6b44bbd1f2103e,"3.12.10 (tags/v3.12.10:0cc8128, Apr  8 2025, 12:21:36) [MSC v.1943 64 bit (AMD64)]",Windows-11-10.0.26200-SP0,cpu,2.11.0+cu128,0.26.0+cu128,4e6dd927a5cbf7a1ea086a2adc11ed23e10ae48da512264f533d1bfd3a7b4abb,20
0.5,adaptive_tierguard_aware,0.02631578947368421,0.89,60.37508773803711,f7f0f3df7203c9aefebef527a831fea1ac3ba98a733fdb4b77efaf51cd4a88a6,digits,0.7499999999999999,0.6,1.0,tierguard-confirmatory-v1,20,88a02253ff67d0d336dc4dc041c8620b5b851533,True,2,0.8862694111460913,0.2,tierguard,20,5,0.0,results/confirmatory_v1/digits/tierguard/adaptive_tierguard_aware/alpha_0.5/mal_0.2/seed_404/20260915_135015_586119,10.048492431640625,404,10,0,True,4.0,0.5,relative,0.9,0.75,tierguard-confirmatory-v1,14d610cc9ec7357c3341a8848f3ff882f68045781c29b0f78e6b44bbd1f2103e,"3.12.10 (tags/v3.12.10:0cc8128, Apr  8 2025, 12:21:36) [MSC v.1943 64 bit (AMD64)]",Windows-11-10.0.26200-SP0,cpu,2.11.0+cu128,0.26.0+cu128,c7231293a402a54cef5d864537429c8802a862e4ab37888fc773669ca21d0fad,20
0.5,adaptive_tierguard_aware,0.0072992700729927005,0.8666666666666667,59.36547088623047,b39328570a463920412da6a3c7724b02406d752f3c1e38bcd3d76daa8fd1a03f,digits,0.5,0.4,0.6666666666666666,tierguard-confirmatory-v1,20,88a02253ff67d0d336dc4dc041c8620b5b851533,True,2,0.8592405828871528,0.2,tierguard,20,5,0.0,results/confirmatory_v1/digits/tierguard/adaptive_tierguard_aware/alpha_0.5/mal_0.2/seed_505/20260915_135018_790587,9.370289325714111,505,10,0,True,4.0,0.5,relative,0.9,0.75,tierguard-confirmatory-v1,14d610cc9ec7357c3341a8848f3ff882f68045781c29b0f78e6b44bbd1f2103e,"3.12.10 (tags/v3.12.10:0cc8128, Apr  8 2025, 12:21:36) [MSC v.1943 64 bit (AMD64)]",Windows-11-10.0.26200-SP0,cpu,2.11.0+cu128,0.26.0+cu128,e9f3e8745feda84a7dc306b601f33ef9dd312c39c8f8984eab6d6df70abee7f3,20
0.5,adaptive_tierguard_aware,0.00749063670411985,0.8166666666666667,59.769317626953125,4fd3544c8db801a697424d6af4b6d248797bcef1857fa2aad0bb074188e2babc,digits,0.7499999999999999,0.6,1.0,tierguard-confirmatory-v1,20,88a02253ff67d0d336dc4dc041c8620b5b851533,True,2,0.8105928261218768,0.2,tierguard,20,5,0.0,results/confirmatory_v1/digits/tierguard/adaptive_tierguard_aware/alpha_0.5/mal_0.2/seed_606/20260915_135021_142389,9.2560293674469,606,10,0,True,4.0,0.5,relative,0.9,0.75,tierguard-confirmatory-v1,14d610cc9ec7357c3341a8848f3ff882f68045781c29b0f78e6b44bbd1f2103e,"3.12.10 (tags/v3.12.10:0cc8128, Apr  8 2025, 12:21:36) [MSC v.1943 64 bit (AMD64)]",Windows-11-10.0.26200-SP0,cpu,2.11.0+cu128,0.26.0+cu128,08797f247fb6da5365b97a01921efb4457f1643fe4bce7537bfa52363f8bf67a,20
0.5,backdoor_model_replacement,0.9601449275362319,0.5966666666666667,59.97124099731445,beea82ddfc4b92a088f65f883e43a2a5d2e88a81ae8ee1b2bf65c39d8d71dc80,digits,0.33333333333333337,0.2,1.0,tierguard-confirmatory-v1,20,88a02253ff67d0d336dc4dc041c8620b5b851533,True,2,0.5605928340030527,0.2,hfl_fedavg,20,5,0.0,results/confirmatory_v1/digits/hfl_fedavg/backdoor_model_replacement/alpha_0.5/mal_0.2/seed_101/20260915_134716_065181,9.438962459564209,101,10,0,True,4.0,0.5,relative,0.9,0.75,tierguard-confirmatory-v1,14d610cc9ec7357c3341a8848f3ff882f68045781c29b0f78e6b44bbd1f2103e,"3.12.10 (tags/v3.12.10:0cc8128, Apr  8 2025, 12:21:36) [MSC v.1943 64 bit (AMD64)]",Windows-11-10.0.26200-SP0,cpu,2.11.0+cu128,0.26.0+cu128,18c0f1d02cc9bda711474f665602d04d43c6fa75dfbc99644903ae746b3aedd6,20
0.5,backdoor_model_replacement,0.35661764705882354,0.6466666666666666,59.97124099731445,b4b5bd7f99de5744ea1a0a014ca392c74de62a000fe9d13e12d21eb70c11a73c,digits,0.4615384615384615,0.3,1.0,tierguard-confirmatory-v1,20,88a02253ff67d0d336dc4dc041c8620b5b851533,True,2,0.6216111836065571,0.2,hfl_fedavg,20,5,0.0,results/confirmatory_v1/digits/hfl_fedavg/backdoor_model_replacement/alpha_0.5/mal_0.2/seed_202/20260915_134722_185634,9.176979064941406,202,10,0,True,4.0,0.5,relative,0.9,0.75,tierguard-confirmatory-v1,14d610cc9ec7357c3341a8848f3ff882f68045781c29b0f78e6b44bbd1f2103e,"3.12.10 (tags/v3.12.10:0cc8128, Apr  8 2025, 12:21:36) [MSC v.1943 64 bit (AMD64)]",Windows-11-10.0.26200-SP0,cpu,2.11.0+cu128,0.26.0+cu128,7b0258ec145eb5414f2b03a35900a571a5cdb6c9a9cafaad604779743bb1fd22,20
0.5,backdoor_model_replacement,1.0,0.23666666666666666,59.769317626953125,d4d15696ba620f4d5f9be72ceb15abc906673e20043acc805d320e8a93f2f63c,digits,0.4615384615384615,0.3,1.0,tierguard-confirmatory-v1,20,88a02253ff67d0d336dc4dc041c8620b5b851533,True,2,0.10902948158800936,0.2,hfl_fedavg,20,5,0.0,results/confirmatory_v1/digits/hfl_fedavg/backdoor_model_replacement/alpha_0.5/mal_0.2/seed_303/20260915_134727_883698,9.665741205215454,303,10,0,True,4.0,0.5,relative,0.9,0.75,tierguard-confirmatory-v1,14d610cc9ec7357c3341a8848f3ff882f68045781c29b0f78e6b44bbd1f2103e,"3.12.10 (tags/v3.12.10:0cc8128, Apr  8 2025, 12:21:36) [MSC v.1943 64 bit (AMD64)]",Windows-11-10.0.26200-SP0,cpu,2.11.0+cu128,0.26.0+cu128,a143378dba4a5fd67ff0da210c99bb0587d158be0d21679994f8e30f368a90f2,20
0.5,backdoor_model_replacement,1.0,0.13333333333333333,60.37508773803711,b7269e2838c61400dbc3aa6753d71c6925a5d7761f4947aeac4ca158750d4d52,digits,0.4615384615384615,0.3,1.0,tierguard-confirmatory-v1,20,88a02253ff67d0d336dc4dc041c8620b5b851533,True,2,0.04158832072154704,0.2,hfl_fedavg,20,5,0.0,results/confirmatory_v1/digits/hfl_fedavg/backdoor_model_replacement/alpha_0.5/mal_0.2/seed_404/20260915_134728_398523,9.576940059661865,404,10,0,True,4.0,0.5,relative,0.9,0.75,tierguard-confirmatory-v1,14d610cc9ec7357c3341a8848f3ff882f68045781c29b0f78e6b44bbd1f2103e,"3.12.10 (tags/v3.12.10:0cc8128, Apr  8 2025, 12:21:36) [MSC v.1943 64 bit (AMD64)]",Windows-11-10.0.26200-SP0,cpu,2.11.0+cu128,0.26.0+cu128,1cca20e0fb7445a9b0a0dc676c80752a64216a25fa62883fb7aaeb860b63b18f,20
0.5,backdoor_model_replacement,0.4051094890510949,0.7,59.36547088623047,5223cd27d52502f85045a1274a2de5d14588d5c2f61fe3287ad1468bfcf8f033,digits,0.4615384615384615,0.3,1.0,tierguard-confirmatory-v1,20,88a02253ff67d0d336dc4dc041c8620b5b851533,True,2,0.6771417723441161,0.2,hfl_fedavg,20,5,0.0,results/confirmatory_v1/digits/hfl_fedavg/backdoor_model_replacement/alpha_0.5/mal_0.2/seed_505/20260915_134734_106577,9.205756187438965,505,10,0,True,4.0,0.5,relative,0.9,0.75,tierguard-confirmatory-v1,14d610cc9ec7357c3341a8848f3ff882f68045781c29b0f78e6b44bbd1f2103e,"3.12.10 (tags/v3.12.10:0cc8128, Apr  8 2025, 12:21:36) [MSC v.1943 64 bit (AMD64)]",Windows-11-10.0.26200-SP0,cpu,2.11.0+cu128,0.26.0+cu128,cd8032aaf1fe0fb3e464b3e414cdaeb078ccd2ffcbaab4cde49d6a08c79a5252,20
0.5,backdoor_model_replacement,1.0,0.62,59.769317626953125,7875e721124c8edc8f36968203b192f8225f2e5279780f84cd2a49d81b65700a,digits,0.4615384615384615,0.3,1.0,tierguard-confirmatory-v1,20,88a02253ff67d0d336dc4dc041c8620b5b851533,True,2,0.6246356250978184,0.2,hfl_fedavg,20,5,0.0,results/confirmatory_v1/digits/hfl_fedavg/backdoor_model_replacement/alpha_0.5/mal_0.2/seed_606/20260915_134740_160171,8.306524991989136,606,10,0,True,4.0,0.5,relative,0.9,0.75,tierguard-confirmatory-v1,14d610cc9ec7357c3341a8848f3ff882f68045781c29b0f78e6b44bbd1f2103e,"3.12.10 (tags/v3.12.10:0cc8128, Apr  8 2025, 12:21:36) [MSC v.1943 64 bit (AMD64)]",Windows-11-10.0.26200-SP0,cpu,2.11.0+cu128,0.26.0+cu128,6764a7c0f211111b052b942f027314233b7d3b1579670417944b5010327a9194,20
0.5,backdoor_model_replacement,0.0,0.7466666666666667,59.97124099731445,07767ec2f486a0a5ae4382f4d15ffda0384987b69a615f07712629dcb9ccb354,digits,0.33333333333333337,0.2,1.0,tierguard-confirmatory-v1,20,88a02253ff67d0d336dc4dc041c8620b5b851533,True,2,0.7117462144530775,0.2,hfl_fltrust,20,5,0.0,results/confirmatory_v1/digits/hfl_fltrust/backdoor_model_replacement/alpha_0.5/mal_0.2/seed_101/20260915_134740_327441,8.307706117630005,101,10,0,True,4.0,0.5,relative,0.9,0.75,tierguard-confirmatory-v1,14d610cc9ec7357c3341a8848f3ff882f68045781c29b0f78e6b44bbd1f2103e,"3.12.10 (tags/v3.12.10:0cc8128, Apr  8 2025, 12:21:36) [MSC v.1943 64 bit (AMD64)]",Windows-11-10.0.26200-SP0,cpu,2.11.0+cu128,0.26.0+cu128,75d0f1a501c240365b0664581a5de344ca1bca9d24186a2dea92ca910bf5084b,20
0.5,backdoor_model_replacement,0.022058823529411766,0.8633333333333333,59.97124099731445,77b2b05ceb13aee63776ca7bb613bcce8001947332fc15893bc7b692b2f55875,digits,0.4615384615384615,0.3,1.0,tierguard-confirmatory-v1,20,88a02253ff67d0d336dc4dc041c8620b5b851533,True,2,0.8556213155472644,0.2,hfl_fltrust,20,5,0.0,results/confirmatory_v1/digits/hfl_fltrust/backdoor_model_replacement/alpha_0.5/mal_0.2/seed_202/20260915_134745_612849,8.073373556137085,202,10,0,True,4.0,0.5,relative,0.9,0.75,tierguard-confirmatory-v1,14d610cc9ec7357c3341a8848f3ff882f68045781c29b0f78e6b44bbd1f2103e,"3.12.10 (tags/v3.12.10:0cc8128, Apr  8 2025, 12:21:36) [MSC v.1943 64 bit (AMD64)]",Windows-11-10.0.26200-SP0,cpu,2.11.0+cu128,0.26.0+cu128,6ca0c6270c2e922ee4a03580075a859e242a1b720b3c9bb9aa48a3189524f96e,20
0.5,backdoor_model_replacement,0.0,0.7166666666666667,59.769317626953125,2d231114cc07b544ce2a67c85ebf2e03fc18067b05abbac29e68f6f95f0972cd,digits,0.4615384615384615,0.3,1.0,tierguard-confirmatory-v1,20,88a02253ff67d0d336dc4dc041c8620b5b851533,True,2,0.6846883754512174,0.2,hfl_fltrust,20,5,0.0,results/confirmatory_v1/digits/hfl_fltrust/backdoor_model_replacement/alpha_0.5/mal_0.2/seed_303/20260915_134750_581978,11.25448989868164,303,10,0,True,4.0,0.5,relative,0.9,0.75,tierguard-confirmatory-v1,14d610cc9ec7357c3341a8848f3ff882f68045781c29b0f78e6b44bbd1f2103e,"3.12.10 (tags/v3.12.10:0cc8128, Apr  8 2025, 12:21:36) [MSC v.1943 64 bit (AMD64)]",Windows-11-10.0.26200-SP0,cpu,2.11.0+cu128,0.26.0+cu128,9d59db6ff799877fc920599c6695d3b14fedf6d25d774d05c5312584ccadf353,20
0.5,backdoor_model_replacement,0.06766917293233082,0.18666666666666668,60.37508773803711,9449608b1aa55d1c35ca6dad9b00b989af688b3d4503921f0dd3e6c57563570f,digits,0.4615384615384615,0.3,1.0,tierguard-confirmatory-v1,20,88a02253ff67d0d336dc4dc041c8620b5b851533,True,2,0.11826023695697359,0.2,hfl_fltrust,20,5,0.0,results/confirmatory_v1/digits/hfl_fltrust/backdoor_model_replacement/alpha_0.5/mal_0.2/seed_404/20260915_134750_851182,11.02511715888977,404,10,0,True,4.0,0.5,relative,0.9,0.75,tierguard-confirmatory-v1,14d610cc9ec7357c3341a8848f3ff882f68045781c29b0f78e6b44bbd1f2103e,"3.12.10 (tags/v3.12.10:0cc8128, Apr  8 2025, 12:21:36) [MSC v.1943 64 bit (AMD64)]",Windows-11-10.0.26200-SP0,cpu,2.11.0+cu128,0.26.0+cu128,b99275422312f9894f7cd2876c8f4daa3ccb9021a20136c93227a89515f2fc33,20
0.5,backdoor_model_replacement,0.14233576642335766,0.7033333333333334,59.36547088623047,5100f9b88846119a6cf667cf891348b0fec03d309277e65a099ba0864b120ccf,digits,0.4615384615384615,0.3,1.0,tierguard-confirmatory-v1,20,88a02253ff67d0d336dc4dc041c8620b5b851533,True,2,0.6852995789107716,0.2,hfl_fltrust,20,5,0.0,results/confirmatory_v1/digits/hfl_fltrust/backdoor_model_replacement/alpha_0.5/mal_0.2/seed_505/20260915_134754_677417,11.46106767654419,505,10,0,True,4.0,0.5,relative,0.9,0.75,tierguard-confirmatory-v1,14d610cc9ec7357c3341a8848f3ff882f68045781c29b0f78e6b44bbd1f2103e,"3.12.10 (tags/v3.12.10:0cc8128, Apr  8 2025, 12:21:36) [MSC v.1943 64 bit (AMD64)]",Windows-11-10.0.26200-SP0,cpu,2.11.0+cu128,0.26.0+cu128,7ac665c0fb81dcbb83e7470bf1fea2b7a7ccffb8f61fe74f8bdf002b2822a421,20
0.5,backdoor_model_replacement,0.0,0.7,59.769317626953125,14d155280e45d4dc31edfdcc7d3b77e83020874548d5e641f597e496f7f1dfb2,digits,0.4615384615384615,0.3,1.0,tierguard-confirmatory-v1,20,88a02253ff67d0d336dc4dc041c8620b5b851533,True,2,0.6728558505227998,0.2,hfl_fltrust,20,5,0.0,results/confirmatory_v1/digits/hfl_fltrust/backdoor_model_replacement/alpha_0.5/mal_0.2/seed_606/20260915_134755_807460,12.325250387191772,606,10,0,True,4.0,0.5,relative,0.9,0.75,tierguard-confirmatory-v1,14d610cc9ec7357c3341a8848f3ff882f68045781c29b0f78e6b44bbd1f2103e,"3.12.10 (tags/v3.12.10:0cc8128, Apr  8 2025, 12:21:36) [MSC v.1943 64 bit (AMD64)]",Windows-11-10.0.26200-SP0,cpu,2.11.0+cu128,0.26.0+cu128,4723d79f441c7e8f15897b50b4a5dcde0d844ffa4e621bc24d515e7ce20fb5ea,20
0.5,backdoor_model_replacement,0.028985507246376812,0.8433333333333334,59.97124099731445,bf2081964967753afd84d3a2abfee87661aa2f1cb085ac144ef5671b3e116a76,digits,0.33333333333333337,0.2,1.0,tierguard-confirmatory-v1,20,88a02253ff67d0d336dc4dc041c8620b5b851533,True,2,0.8393186764696277,0.2,hfl_rfa,20,5,0.0,results/confirmatory_v1/digits/hfl_rfa/backdoor_model_replacement/alpha_0.5/mal_0.2/seed_101/20260915_134822_608851,10.24333906173706,101,10,0,True,4.0,0.5,relative,0.9,0.75,tierguard-confirmatory-v1,14d610cc9ec7357c3341a8848f3ff882f68045781c29b0f78e6b44bbd1f2103e,"3.12.10 (tags/v3.12.10:0cc8128, Apr  8 2025, 12:21:36) [MSC v.1943 64 bit (AMD64)]",Windows-11-10.0.26200-SP0,cpu,2.11.0+cu128,0.26.0+cu128,b68e57e85974fcedb6057cbdfa518506b5a7bb327c2f71d1ca82cc73e76819ff,20
0.5,backdoor_model_replacement,0.125,0.7033333333333334,59.97124099731445,14b7aa1cc5d727b7dafd24275775595f77ca8367b0db71ee05b539d4014aeaa0,digits,0.4615384615384615,0.3,1.0,tierguard-confirmatory-v1,20,88a02253ff67d0d336dc4dc041c8620b5b851533,True,2,0.6524031984678478,0.2,hfl_rfa,20,5,0.0,results/confirmatory_v1/digits/hfl_rfa/backdoor_model_replacement/alpha_0.5/mal_0.2/seed_202/20260915_134824_467919,9.872721672058105,202,10,0,True,4.0,0.5,relative,0.9,0.75,tierguard-confirmatory-v1,14d610cc9ec7357c3341a8848f3ff882f68045781c29b0f78e6b44bbd1f2103e,"3.12.10 (tags/v3.12.10:0cc8128, Apr  8 2025, 12:21:36) [MSC v.1943 64 bit (AMD64)]",Windows-11-10.0.26200-SP0,cpu,2.11.0+cu128,0.26.0+cu128,73c67130f855b0d7fa136735830578791549326f4b40d7b88ca7423f73046cd0,20
0.5,backdoor_model_replacement,0.011494252873563218,0.6966666666666667,59.769317626953125,dea6afcb4a1ffb93575cc837d34577cf336d9404b43700038b094532fafdd57c,digits,0.4615384615384615,0.3,1.0,tierguard-confirmatory-v1,20,88a02253ff67d0d336dc4dc041c8620b5b851533,True,2,0.6466346984184707,0.2,hfl_rfa,20,5,0.0,results/confirmatory_v1/digits/hfl_rfa/backdoor_model_replacement/alpha_0.5/mal_0.2/seed_303/20260915_134830_204949,10.38457441329956,303,10,0,True,4.0,0.5,relative,0.9,0.75,tierguard-confirmatory-v1,14d610cc9ec7357c3341a8848f3ff882f68045781c29b0f78e6b44bbd1f2103e,"3.12.10 (tags/v3.12.10:0cc8128, Apr  8 2025, 12:21:36) [MSC v.1943 64 bit (AMD64)]",Windows-11-10.0.26200-SP0,cpu,2.11.0+cu128,0.26.0+cu128,98e395c86d71a6fa54f2f69b5602212deaf89bb71baa40650dc1669287f0fc4e,20
0.5,backdoor_model_replacement,0.03007518796992481,0.6366666666666667,60.37508773803711,c9cae939ed0a3c7a20e30d485326f0807beb70b90b8861d709c4d820a0276ea5,digits,0.4615384615384615,0.3,1.0,tierguard-confirmatory-v1,20,88a02253ff67d0d336dc4dc041c8620b5b851533,True,2,0.5814294154182879,0.2,hfl_rfa,20,5,0.0,results/confirmatory_v1/digits/hfl_rfa/backdoor_model_replacement/alpha_0.5/mal_0.2/seed_404/20260915_134830_806346,10.181901931762695,404,10,0,True,4.0,0.5,relative,0.9,0.75,tierguard-confirmatory-v1,14d610cc9ec7357c3341a8848f3ff882f68045781c29b0f78e6b44bbd1f2103e,"3.12.10 (tags/v3.12.10:0cc8128, Apr  8 2025, 12:21:36) [MSC v.1943 64 bit (AMD64)]",Windows-11-10.0.26200-SP0,cpu,2.11.0+cu128,0.26.0+cu128,dcb87980d34f58022d384b9259b1e28202cc1e2b9140a90f45e59c25f7a87ac0,20
0.5,backdoor_model_replacement,0.0036496350364963502,0.8833333333333333,59.36547088623047,dcd0c00668c59f29682a347e61670b84798a4a50673d419978a1cfa19265f55c,digits,0.4615384615384615,0.3,1.0,tierguard-confirmatory-v1,20,88a02253ff67d0d336dc4dc041c8620b5b851533,True,2,0.8744711831728973,0.2,hfl_rfa,20,5,0.0,results/confirmatory_v1/digits/hfl_rfa/backdoor_model_replacement/alpha_0.5/mal_0.2/seed_505/20260915_134835_510068,10.043303966522217,505,10,0,True,4.0,0.5,relative,0.9,0.75,tierguard-confirmatory-v1,14d610cc9ec7357c3341a8848f3ff882f68045781c29b0f78e6b44bbd1f2103e,"3.12.10 (tags/v3.12.10:0cc8128, Apr  8 2025, 12:21:36) [MSC v.1943 64 bit (AMD64)]",Windows-11-10.0.26200-SP0,cpu,2.11.0+cu128,0.26.0+cu128,0db8972a0a93ca9ecb6a0b959db6101535e4fd4ebbb650fc13352825f7848d2b,20
0.5,backdoor_model_replacement,0.0,0.87,59.769317626953125,d2b10590e88a8ae4c46b921a009b7c3ef2f68d02121a9f7e8af7be7d8fdc92c4,digits,0.4615384615384615,0.3,1.0,tierguard-confirmatory-v1,20,88a02253ff67d0d336dc4dc041c8620b5b851533,True,2,0.8701433121544992,0.2,hfl_rfa,20,5,0.0,results/confirmatory_v1/digits/hfl_rfa/backdoor_model_replacement/alpha_0.5/mal_0.2/seed_606/20260915_134836_852167,10.656282663345337,606,10,0,True,4.0,0.5,relative,0.9,0.75,tierguard-confirmatory-v1,14d610cc9ec7357c3341a8848f3ff882f68045781c29b0f78e6b44bbd1f2103e,"3.12.10 (tags/v3.12.10:0cc8128, Apr  8 2025, 12:21:36) [MSC v.1943 64 bit (AMD64)]",Windows-11-10.0.26200-SP0,cpu,2.11.0+cu128,0.26.0+cu128,7c047f114b1ce058ce8df31f6ba17795aa4fa1c64f88b1b931bd62a8afe402ea,20
0.5,backdoor_model_replacement,1.0,0.08,59.97124099731445,4e3fe01831c05b399d39f85c4bdb1efe167e05b182c79a663b7a4cead366570e,digits,0.33333333333333337,0.2,1.0,tierguard-confirmatory-v1,20,88a02253ff67d0d336dc4dc041c8620b5b851533,True,2,0.014814814814814814,0.2,hfl_trimmed_mean,20,5,0.0,results/confirmatory_v1/digits/hfl_trimmed_mean/backdoor_model_replacement/alpha_0.5/mal_0.2/seed_101/20260915_134804_338735,10.508216381072998,101,10,0,True,4.0,0.5,relative,0.9,0.75,tierguard-confirmatory-v1,14d610cc9ec7357c3341a8848f3ff882f68045781c29b0f78e6b44bbd1f2103e,"3.12.10 (tags/v3.12.10:0cc8128, Apr  8 2025, 12:21:36) [MSC v.1943 64 bit (AMD64)]",Windows-11-10.0.26200-SP0,cpu,2.11.0+cu128,0.26.0+cu128,5bf82342733fc2008c9d3fa4788e84d5cfc5cb2f916688c20afe0d51bb5564a6,20
0.5,backdoor_model_replacement,0.31985294117647056,0.6633333333333333,59.97124099731445,ce9aa4e90458ee4758476ab2d7a9bce8135a5f3b3808fa39a47b8b3fa2c8ea34,digits,0.4615384615384615,0.3,1.0,tierguard-confirmatory-v1,20,88a02253ff67d0d336dc4dc041c8620b5b851533,True,2,0.6393568398925618,0.2,hfl_trimmed_mean,20,5,0.0,results/confirmatory_v1/digits/hfl_trimmed_mean/backdoor_model_replacement/alpha_0.5/mal_0.2/seed_202/20260915_134804_519917,10.400541543960571,202,10,0,True,4.0,0.5,relative,0.9,0.75,tierguard-confirmatory-v1,14d610cc9ec7357c3341a8848f3ff882f68045781c29b0f78e6b44bbd1f2103e,"3.12.10 (tags/v3.12.10:0cc8128, Apr  8 2025, 12:21:36) [MSC v.1943 64 bit (AMD64)]",Windows-11-10.0.26200-SP0,cpu,2.11.0+cu128,0.26.0+cu128,d18f44eb23bde20149c148503d17312297e3bb9db676c81777472b12283f05ed,20
0.5,backdoor_model_replacement,0.7471264367816092,0.63,59.769317626953125,ad6ad4ba29e5295ac8f4fef71eea360d5638604886eb82a44203e0fa226e707b,digits,0.4615384615384615,0.3,1.0,tierguard-confirmatory-v1,20,88a02253ff67d0d336dc4dc041c8620b5b851533,True,2,0.5530038333150261,0.2,hfl_trimmed_mean,20,5,0.0,results/confirmatory_v1/digits/hfl_trimmed_mean/backdoor_model_replacement/alpha_0.5/mal_0.2/seed_303/20260915_134809_116844,10.700105905532837,303,10,0,True,4.0,0.5,relative,0.9,0.75,tierguard-confirmatory-v1,14d610cc9ec7357c3341a8848f3ff882f68045781c29b0f78e6b44bbd1f2103e,"3.12.10 (tags/v3.12.10:0cc8128, Apr  8 2025, 12:21:36) [MSC v.1943 64 bit (AMD64)]",Windows-11-10.0.26200-SP0,cpu,2.11.0+cu128,0.26.0+cu128,43bb0ea4bca94a4ca437095bde8f1a5a33e0f4cc24db848cb91063f9b448b8ff,20
0.5,backdoor_model_replacement,0.8872180451127819,0.35333333333333333,60.37508773803711,9c3108d445deb7e573f0ab44d97605149e4fe43d05610f31f3e6bb98c497a31c,digits,0.4615384615384615,0.3,1.0,tierguard-confirmatory-v1,20,88a02253ff67d0d336dc4dc041c8620b5b851533,True,2,0.37068950865263417,0.2,hfl_trimmed_mean,20,5,0.0,results/confirmatory_v1/digits/hfl_trimmed_mean/backdoor_model_replacement/alpha_0.5/mal_0.2/seed_404/20260915_134811_111041,10.592706680297852,404,10,0,True,4.0,0.5,relative,0.9,0.75,tierguard-confirmatory-v1,14d610cc9ec7357c3341a8848f3ff882f68045781c29b0f78e6b44bbd1f2103e,"3.12.10 (tags/v3.12.10:0cc8128, Apr  8 2025, 12:21:36) [MSC v.1943 64 bit (AMD64)]",Windows-11-10.0.26200-SP0,cpu,2.11.0+cu128,0.26.0+cu128,12e17dbe8a8f6e55e336213b444e723308fc27d0273b6927388eeb79a3d34b72,20
0.5,backdoor_model_replacement,1.0,0.08666666666666667,59.36547088623047,6f5055b030bc386b05f2cff3499ddc5af11787922fc03cd5f19e3325e9008c9c,digits,0.4615384615384615,0.3,1.0,tierguard-confirmatory-v1,20,88a02253ff67d0d336dc4dc041c8620b5b851533,True,2,0.01595092024539877,0.2,hfl_trimmed_mean,20,5,0.0,results/confirmatory_v1/digits/hfl_trimmed_mean/backdoor_model_replacement/alpha_0.5/mal_0.2/seed_505/20260915_134817_586326,10.03512167930603,505,10,0,True,4.0,0.5,relative,0.9,0.75,tierguard-confirmatory-v1,14d610cc9ec7357c3341a8848f3ff882f68045781c29b0f78e6b44bbd1f2103e,"3.12.10 (tags/v3.12.10:0cc8128, Apr  8 2025, 12:21:36) [MSC v.1943 64 bit (AMD64)]",Windows-11-10.0.26200-SP0,cpu,2.11.0+cu128,0.26.0+cu128,8af50c4797348b721e2faf7b0b672281cd0bbf25119827b5e10a7f0aa16f1071,20
0.5,backdoor_model_replacement,1.0,0.14666666666666667,59.769317626953125,02a5b3511049a6f1c8db774809f02fd5ab40324b38d510600e23920561fd041f,digits,0.4615384615384615,0.3,1.0,tierguard-confirmatory-v1,20,88a02253ff67d0d336dc4dc041c8620b5b851533,True,2,0.0754968944099379,0.2,hfl_trimmed_mean,20,5,0.0,results/confirmatory_v1/digits/hfl_trimmed_mean/backdoor_model_replacement/alpha_0.5/mal_0.2/seed_606/20260915_134817_615300,10.485744714736938,606,10,0,True,4.0,0.5,relative,0.9,0.75,tierguard-confirmatory-v1,14d610cc9ec7357c3341a8848f3ff882f68045781c29b0f78e6b44bbd1f2103e,"3.12.10 (tags/v3.12.10:0cc8128, Apr  8 2025, 12:21:36) [MSC v.1943 64 bit (AMD64)]",Windows-11-10.0.26200-SP0,cpu,2.11.0+cu128,0.26.0+cu128,e1caca191b7a299ab4cffe7cd7ea9dc5724000639dc8742b0c6b256452225c19,20
0.5,backdoor_model_replacement,0.007246376811594203,0.8933333333333333,59.97124099731445,040e8af48f6df0b2f4b700930ea21a9e84c14ce232870d4978afb9aeec6a1115,digits,0.33333333333333337,0.2,1.0,tierguard-confirmatory-v1,20,88a02253ff67d0d336dc4dc041c8620b5b851533,True,2,0.8879648442614416,0.2,tierguard,20,5,0.0,results/confirmatory_v1/digits/tierguard/backdoor_model_replacement/alpha_0.5/mal_0.2/seed_101/20260915_134843_239285,12.050902128219604,101,10,0,True,4.0,0.5,relative,0.9,0.75,tierguard-confirmatory-v1,14d610cc9ec7357c3341a8848f3ff882f68045781c29b0f78e6b44bbd1f2103e,"3.12.10 (tags/v3.12.10:0cc8128, Apr  8 2025, 12:21:36) [MSC v.1943 64 bit (AMD64)]",Windows-11-10.0.26200-SP0,cpu,2.11.0+cu128,0.26.0+cu128,e954eee1a14b25cc1430cec383e4c1c0d4708d9c9733b645c932341b1e6cd805,20
0.5,backdoor_model_replacement,0.007352941176470588,0.88,59.97124099731445,17df316bda7fdf076fdf96ad556e0199b5104978f88cb7c5ace33144b1c1bbb6,digits,0.7499999999999999,0.6,1.0,tierguard-confirmatory-v1,20,88a02253ff67d0d336dc4dc041c8620b5b851533,True,2,0.8859721889587956,0.2,tierguard,20,5,0.0,results/confirmatory_v1/digits/tierguard/backdoor_model_replacement/alpha_0.5/mal_0.2/seed_202/20260915_134843_511172,11.81433367729187,202,10,0,True,4.0,0.5,relative,0.9,0.75,tierguard-confirmatory-v1,14d610cc9ec7357c3341a8848f3ff882f68045781c29b0f78e6b44bbd1f2103e,"3.12.10 (tags/v3.12.10:0cc8128, Apr  8 2025, 12:21:36) [MSC v.1943 64 bit (AMD64)]",Windows-11-10.0.26200-SP0,cpu,2.11.0+cu128,0.26.0+cu128,cb51e12cb7f4250b8bce48e5d44905877769fdc475dfccc7523ff2fb736cdbf5,20
0.5,backdoor_model_replacement,0.038314176245210725,0.8833333333333333,59.769317626953125,dc2d115311778f4a6a05e68446619e95af4ad81d2b5e2b641a22ee67c3026d52,digits,0.4615384615384615,0.3,1.0,tierguard-confirmatory-v1,20,88a02253ff67d0d336dc4dc041c8620b5b851533,True,2,0.8706882227445766,0.2,tierguard,20,5,0.0,results/confirmatory_v1/digits/tierguard/backdoor_model_replacement/alpha_0.5/mal_0.2/seed_303/20260915_134848_096757,11.20041275024414,303,10,0,True,4.0,0.5,relative,0.9,0.75,tierguard-confirmatory-v1,14d610cc9ec7357c3341a8848f3ff882f68045781c29b0f78e6b44bbd1f2103e,"3.12.10 (tags/v3.12.10:0cc8128, Apr  8 2025, 12:21:36) [MSC v.1943 64 bit (AMD64)]",Windows-11-10.0.26200-SP0,cpu,2.11.0+cu128,0.26.0+cu128,cacbaf982c2b53e30664455ff133160ecd54b5d1fb5245b22efcb89f0e1c241c,20
0.5,backdoor_model_replacement,0.12781954887218044,0.8466666666666667,60.37508773803711,9702ca4bf427ab424874a18b87a402a5b0d5068ff1fec02e5f53caf20e93b4b5,digits,0.7499999999999999,0.6,1.0,tierguard-confirmatory-v1,20,88a02253ff67d0d336dc4dc041c8620b5b851533,True,2,0.8329785423541545,0.2,tierguard,20,5,0.0,results/confirmatory_v1/digits/tierguard/backdoor_model_replacement/alpha_0.5/mal_0.2/seed_404/20260915_134850_156239,11.261669874191284,404,10,0,True,4.0,0.5,relative,0.9,0.75,tierguard-confirmatory-v1,14d610cc9ec7357c3341a8848f3ff882f68045781c29b0f78e6b44bbd1f2103e,"3.12.10 (tags/v3.12.10:0cc8128, Apr  8 2025, 12:21:36) [MSC v.1943 64 bit (AMD64)]",Windows-11-10.0.26200-SP0,cpu,2.11.0+cu128,0.26.0+cu128,8b0c58cfa9e24c28a4ece32fdcc6a25e6ed9eb2fbffa0c958a219679e1805092,20
0.5,backdoor_model_replacement,0.021897810218978103,0.8466666666666667,59.36547088623047,3b64bd41a2bd288e22324737ebec7064f787beefd22bdda0c863f63e4f38c949,digits,0.7499999999999999,0.6,1.0,tierguard-confirmatory-v1,20,88a02253ff67d0d336dc4dc041c8620b5b851533,True,2,0.817931372008684,0.2,tierguard,20,5,0.0,results/confirmatory_v1/digits/tierguard/backdoor_model_replacement/alpha_0.5/mal_0.2/seed_505/20260915_134857_938514,11.120689153671265,505,10,0,True,4.0,0.5,relative,0.9,0.75,tierguard-confirmatory-v1,14d610cc9ec7357c3341a8848f3ff882f68045781c29b0f78e6b44bbd1f2103e,"3.12.10 (tags/v3.12.10:0cc8128, Apr  8 2025, 12:21:36) [MSC v.1943 64 bit (AMD64)]",Windows-11-10.0.26200-SP0,cpu,2.11.0+cu128,0.26.0+cu128,fa0b9ca5e67433260db3e357d65e92661d3de9b4d54d8df2beaa29840d8317b9,20
0.5,backdoor_model_replacement,0.0149812734082397,0.82,59.769317626953125,33a81d056f89819257428570e1fdcecde237428f1f29272138ee175c80ebcc59,digits,0.5,0.4,0.6666666666666666,tierguard-confirmatory-v1,20,88a02253ff67d0d336dc4dc041c8620b5b851533,True,2,0.8152775582812202,0.2,tierguard,20,5,0.0,results/confirmatory_v1/digits/tierguard/backdoor_model_replacement/alpha_0.5/mal_0.2/seed_606/20260915_134857_975618,11.788676023483276,606,10,0,True,4.0,0.5,relative,0.9,0.75,tierguard-confirmatory-v1,14d610cc9ec7357c3341a8848f3ff882f68045781c29b0f78e6b44bbd1f2103e,"3.12.10 (tags/v3.12.10:0cc8128, Apr  8 2025, 12:21:36) [MSC v.1943 64 bit (AMD64)]",Windows-11-10.0.26200-SP0,cpu,2.11.0+cu128,0.26.0+cu128,c83e9e6e274003e74dedcf50154686af6d44525ac6090f6643bf1cbc3cc37c4e,20
0.5,adaptive_tierguard_aware,0.9701657458563536,0.824,90.05782318115234,eb297b6fae50cf7e325f139671592dbd28ad52b84e5eb845ba0867599877782b,fashionmnist,0.4615384615384615,0.3,1.0,tierguard-confirmatory-v1,30,88a02253ff67d0d336dc4dc041c8620b5b851533,True,2,0.8138029978085729,0.2,hfl_fedavg,20,5,0.0,results/confirmatory_v1/fashionmnist/hfl_fedavg/adaptive_tierguard_aware/alpha_0.5/mal_0.2/seed_101/20260915_133626_816765,60.75162196159363,101,10,0,True,4.0,0.5,relative,0.9,0.75,tierguard-confirmatory-v1,14d610cc9ec7357c3341a8848f3ff882f68045781c29b0f78e6b44bbd1f2103e,"3.12.10 (tags/v3.12.10:0cc8128, Apr  8 2025, 12:21:36) [MSC v.1943 64 bit (AMD64)]",Windows-11-10.0.26200-SP0,cpu,2.11.0+cu128,0.26.0+cu128,dda043829765d3a0461a6fadd38b2dea2cba24f22cdbee2a4f5bda51ecc658b4,30
0.5,adaptive_tierguard_aware,0.6140155728587319,0.762,89.85589981079102,9081694f157da7f9991f90c37045cfd968e32311eebeb4166366bc79e0deb078,fashionmnist,0.18181818181818182,0.1,1.0,tierguard-confirmatory-v1,30,88a02253ff67d0d336dc4dc041c8620b5b851533,True,2,0.7472228917232215,0.2,hfl_fedavg,20,5,0.0,results/confirmatory_v1/fashionmnist/hfl_fedavg/adaptive_tierguard_aware/alpha_0.5/mal_0.2/seed_202/20260915_133639_026766,63.74926447868347,202,10,0,True,4.0,0.5,relative,0.9,0.75,tierguard-confirmatory-v1,14d610cc9ec7357c3341a8848f3ff882f68045781c29b0f78e6b44bbd1f2103e,"3.12.10 (tags/v3.12.10:0cc8128, Apr  8 2025, 12:21:36) [MSC v.1943 64 bit (AMD64)]",Windows-11-10.0.26200-SP0,cpu,2.11.0+cu128,0.26.0+cu128,930f3713e8a3d205decdd35e6d6fa60407ea0be2ad62b6c21fe73e1de4ba800f,30
0.5,adaptive_tierguard_aware,0.9697309417040358,0.738,89.85589981079102,8f9c2e8f06f69be536506fd128cb866b2d35878131ca834f2a5962e8dc025695,fashionmnist,0.33333333333333337,0.2,1.0,tierguard-confirmatory-v1,30,88a02253ff67d0d336dc4dc041c8620b5b851533,True,2,0.7242576242703587,0.2,hfl_fedavg,20,5,0.0,results/confirmatory_v1/fashionmnist/hfl_fedavg/adaptive_tierguard_aware/alpha_0.5/mal_0.2/seed_303/20260915_133732_204671,63.2431275844574,303,10,0,True,4.0,0.5,relative,0.9,0.75,tierguard-confirmatory-v1,14d610cc9ec7357c3341a8848f3ff882f68045781c29b0f78e6b44bbd1f2103e,"3.12.10 (tags/v3.12.10:0cc8128, Apr  8 2025, 12:21:36) [MSC v.1943 64 bit (AMD64)]",Windows-11-10.0.26200-SP0,cpu,2.11.0+cu128,0.26.0+cu128,7668458003041ff3fb5839288ac967ff47f48f1043b709d68fea59165ce23eb8,30
0.5,adaptive_tierguard_aware,0.9412416851441242,0.762,90.461669921875,1a739e0d1f10492a2babb9c5b2ede544b6a7f8f6314355f16082f70a8fcbb975,fashionmnist,0.5714285714285715,0.4,1.0,tierguard-confirmatory-v1,30,88a02253ff67d0d336dc4dc041c8620b5b851533,True,2,0.7252891565915697,0.2,hfl_fedavg,20,5,0.0,results/confirmatory_v1/fashionmnist/hfl_fedavg/adaptive_tierguard_aware/alpha_0.5/mal_0.2/seed_404/20260915_133738_553617,61.489675998687744,404,10,0,True,4.0,0.5,relative,0.9,0.75,tierguard-confirmatory-v1,14d610cc9ec7357c3341a8848f3ff882f68045781c29b0f78e6b44bbd1f2103e,"3.12.10 (tags/v3.12.10:0cc8128, Apr  8 2025, 12:21:36) [MSC v.1943 64 bit (AMD64)]",Windows-11-10.0.26200-SP0,cpu,2.11.0+cu128,0.26.0+cu128,2ba5ca7deba0cdac678b99bc3e6d856f18892745e457acf935f44d4139f879d9,30
0.5,adaptive_tierguard_aware,0.9634551495016611,0.767,89.45205307006836,2884c059bdfa44e01cb91e2f01887d63d8f9c53134d78c6bc80dfe387ecb8d59,fashionmnist,0.4615384615384615,0.3,1.0,tierguard-confirmatory-v1,30,88a02253ff67d0d336dc4dc041c8620b5b851533,True,2,0.7551514701251582,0.2,hfl_fedavg,20,5,0.0,results/confirmatory_v1/fashionmnist/hfl_fedavg/adaptive_tierguard_aware/alpha_0.5/mal_0.2/seed_505/20260915_133740_702937,61.45967769622803,505,10,0,True,4.0,0.5,relative,0.9,0.75,tierguard-confirmatory-v1,14d610cc9ec7357c3341a8848f3ff882f68045781c29b0f78e6b44bbd1f2103e,"3.12.10 (tags/v3.12.10:0cc8128, Apr  8 2025, 12:21:36) [MSC v.1943 64 bit (AMD64)]",Windows-11-10.0.26200-SP0,cpu,2.11.0+cu128,0.26.0+cu128,0d4e1d3d2be255a009ae809cba57f23574ae2d962904159863be0a0cbd9298c7,30
0.5,adaptive_tierguard_aware,0.852017937219731,0.795,89.25012969970703,60ea053f851d169e8fb61171aa45879839b74a0a98a563d6fcfce9276a4fe8a4,fashionmnist,0.4615384615384615,0.3,1.0,tierguard-confirmatory-v1,30,88a02253ff67d0d336dc4dc041c8620b5b851533,True,2,0.7948525099886184,0.2,hfl_fedavg,20,5,0.0,results/confirmatory_v1/fashionmnist/hfl_fedavg/adaptive_tierguard_aware/alpha_0.5/mal_0.2/seed_606/20260915_133756_338675,62.944557189941406,606,10,0,True,4.0,0.5,relative,0.9,0.75,tierguard-confirmatory-v1,14d610cc9ec7357c3341a8848f3ff882f68045781c29b0f78e6b44bbd1f2103e,"3.12.10 (tags/v3.12.10:0cc8128, Apr  8 2025, 12:21:36) [MSC v.1943 64 bit (AMD64)]",Windows-11-10.0.26200-SP0,cpu,2.11.0+cu128,0.26.0+cu128,020d1f30dc5b259a2728cb03dafdfcbf2c5ddae74085a0201f8cab899b8dfd9d,30
0.5,adaptive_tierguard_aware,0.9823204419889503,0.778,90.05782318115234,c3991a260e2a0eeafe154bb3b639322bd5f6e5ed6b21c818a815b9c317468064,fashionmnist,0.4615384615384615,0.3,1.0,tierguard-confirmatory-v1,30,88a02253ff67d0d336dc4dc041c8620b5b851533,True,2,0.76880433284076,0.2,hfl_fltrust,20,5,0.0,results/confirmatory_v1/fashionmnist/hfl_fltrust/adaptive_tierguard_aware/alpha_0.5/mal_0.2/seed_101/20260915_133849_112272,68.96232652664185,101,10,0,True,4.0,0.5,relative,0.9,0.75,tierguard-confirmatory-v1,14d610cc9ec7357c3341a8848f3ff882f68045781c29b0f78e6b44bbd1f2103e,"3.12.10 (tags/v3.12.10:0cc8128, Apr  8 2025, 12:21:36) [MSC v.1943 64 bit (AMD64)]",Windows-11-10.0.26200-SP0,cpu,2.11.0+cu128,0.26.0+cu128,26e926d26f7aa57665e88112fe2554a2463c32f48cbf184bfb4dfd5e5524bc7d,30
0.5,adaptive_tierguard_aware,0.7486095661846496,0.724,89.85589981079102,670bbb48b7baf8f4223109ba86dd5eddb3f5207d9078d2e3ce414b7ff216bc79,fashionmnist,0.18181818181818182,0.1,1.0,tierguard-confirmatory-v1,30,88a02253ff67d0d336dc4dc041c8620b5b851533,True,2,0.690106678623221,0.2,hfl_fltrust,20,5,0.0,results/confirmatory_v1/fashionmnist/hfl_fltrust/adaptive_tierguard_aware/alpha_0.5/mal_0.2/seed_202/20260915_133853_502467,72.40956258773804,202,10,0,True,4.0,0.5,relative,0.9,0.75,tierguard-confirmatory-v1,14d610cc9ec7357c3341a8848f3ff882f68045781c29b0f78e6b44bbd1f2103e,"3.12.10 (tags/v3.12.10:0cc8128, Apr  8 2025, 12:21:36) [MSC v.1943 64 bit (AMD64)]",Windows-11-10.0.26200-SP0,cpu,2.11.0+cu128,0.26.0+cu128,6773de2eb75614cb2e1254cc2069bf93a48cd2851b67e89b90d09a338f0c8b0c,30
0.5,adaptive_tierguard_aware,0.9428251121076233,0.771,89.85589981079102,70dd2bf811d68e1671061196e938f6b0cf31e932ef28c536b91d1616d52adf7d,fashionmnist,0.33333333333333337,0.2,1.0,tierguard-confirmatory-v1,30,88a02253ff67d0d336dc4dc041c8620b5b851533,True,2,0.7695372089957426,0.2,hfl_fltrust,20,5,0.0,results/confirmatory_v1/fashionmnist/hfl_fltrust/adaptive_tierguard_aware/alpha_0.5/mal_0.2/seed_303/20260915_133855_540595,71.47535872459412,303,10,0,True,4.0,0.5,relative,0.9,0.75,tierguard-confirmatory-v1,14d610cc9ec7357c3341a8848f3ff882f68045781c29b0f78e6b44bbd1f2103e,"3.12.10 (tags/v3.12.10:0cc8128, Apr  8 2025, 12:21:36) [MSC v.1943 64 bit (AMD64)]",Windows-11-10.0.26200-SP0,cpu,2.11.0+cu128,0.26.0+cu128,c66653a492ea99aa612ec35d22133b173fdd43a1c37ccb1ac3d51c6a33aa4f64,30
0.5,adaptive_tierguard_aware,0.9634146341463414,0.795,90.461669921875,197b00493df7bcc7b6db02975af1829898764bd173d5d98248021c6bc76e9646,fashionmnist,0.5714285714285715,0.4,1.0,tierguard-confirmatory-v1,30,88a02253ff67d0d336dc4dc041c8620b5b851533,True,2,0.7931966775661354,0.2,hfl_fltrust,20,5,0.0,results/confirmatory_v1/fashionmnist/hfl_fltrust/adaptive_tierguard_aware/alpha_0.5/mal_0.2/seed_404/20260915_133912_808902,73.9945456981659,404,10,0,True,4.0,0.5,relative,0.9,0.75,tierguard-confirmatory-v1,14d610cc9ec7357c3341a8848f3ff882f68045781c29b0f78e6b44bbd1f2103e,"3.12.10 (tags/v3.12.10:0cc8128, Apr  8 2025, 12:21:36) [MSC v.1943 64 bit (AMD64)]",Windows-11-10.0.26200-SP0,cpu,2.11.0+cu128,0.26.0+cu128,3d7c0d9cc130bad3cb3b09871c6140681a507377e09361f5a41984c5084f74ab,30
0.5,adaptive_tierguard_aware,0.955703211517165,0.752,89.45205307006836,8c1556a85ea0cced710f2c973ac329dd7b750b06d6c39307e4b9f50b1906a4c6,fashionmnist,0.4615384615384615,0.3,1.0,tierguard-confirmatory-v1,30,88a02253ff67d0d336dc4dc041c8620b5b851533,True,2,0.7273818906376047,0.2,hfl_fltrust,20,5,0.0,results/confirmatory_v1/fashionmnist/hfl_fltrust/adaptive_tierguard_aware/alpha_0.5/mal_0.2/seed_505/20260915_134012_608471,73.9258246421814,505,10,0,True,4.0,0.5,relative,0.9,0.75,tierguard-confirmatory-v1,14d610cc9ec7357c3341a8848f3ff882f68045781c29b0f78e6b44bbd1f2103e,"3.12.10 (tags/v3.12.10:0cc8128, Apr  8 2025, 12:21:36) [MSC v.1943 64 bit (AMD64)]",Windows-11-10.0.26200-SP0,cpu,2.11.0+cu128,0.26.0+cu128,cd13d70a3f11c3f04cfa5334d71df9ef921c27eeec83aa6c6a8f449409f5564d,30
0.5,adaptive_tierguard_aware,0.7432735426008968,0.773,89.25012969970703,89d519b9f7c83003af5bd0269639df8190c54567b4600070ed09a14ffc1799bb,fashionmnist,0.4615384615384615,0.3,1.0,tierguard-confirmatory-v1,30,88a02253ff67d0d336dc4dc041c8620b5b851533,True,2,0.7560107399565424,0.2,hfl_fltrust,20,5,0.0,results/confirmatory_v1/fashionmnist/hfl_fltrust/adaptive_tierguard_aware/alpha_0.5/mal_0.2/seed_606/20260915_134020_842779,74.08534359931946,606,10,0,True,4.0,0.5,relative,0.9,0.75,tierguard-confirmatory-v1,14d610cc9ec7357c3341a8848f3ff882f68045781c29b0f78e6b44bbd1f2103e,"3.12.10 (tags/v3.12.10:0cc8128, Apr  8 2025, 12:21:36) [MSC v.1943 64 bit (AMD64)]",Windows-11-10.0.26200-SP0,cpu,2.11.0+cu128,0.26.0+cu128,f40152b206ed31ee11ff3d1ae03d92a060638f374ace2bba4604bba93ce35edc,30
0.5,adaptive_tierguard_aware,0.9767955801104973,0.821,90.05782318115234,50ba274a3c4609acafb6552ab204d6d41b411b8602bdd97ffeb9ea28835c82c4,fashionmnist,0.4615384615384615,0.3,1.0,tierguard-confirmatory-v1,30,88a02253ff67d0d336dc4dc041c8620b5b851533,True,2,0.8181195831874162,0.2,hfl_rfa,20,5,0.0,results/confirmatory_v1/fashionmnist/hfl_rfa/adaptive_tierguard_aware/alpha_0.5/mal_0.2/seed_101/20260915_134259_366046,67.13811755180359,101,10,0,True,4.0,0.5,relative,0.9,0.75,tierguard-confirmatory-v1,14d610cc9ec7357c3341a8848f3ff882f68045781c29b0f78e6b44bbd1f2103e,"3.12.10 (tags/v3.12.10:0cc8128, Apr  8 2025, 12:21:36) [MSC v.1943 64 bit (AMD64)]",Windows-11-10.0.26200-SP0,cpu,2.11.0+cu128,0.26.0+cu128,d0ec6553b6c8f0b42eea55715009e693d0130ce05d07607ad0b148c604dbe242,30
0.5,adaptive_tierguard_aware,0.18909899888765294,0.741,89.85589981079102,d38f8ea4ab4f5c64ddb2c7d9cb4938aebb2893f7ba4c297456469bbc542a36c2,fashionmnist,0.18181818181818182,0.1,1.0,tierguard-confirmatory-v1,30,88a02253ff67d0d336dc4dc041c8620b5b851533,True,2,0.7354586799857878,0.2,hfl_rfa,20,5,0.0,results/confirmatory_v1/fashionmnist/hfl_rfa/adaptive_tierguard_aware/alpha_0.5/mal_0.2/seed_202/20260915_134304_919669,68.35978245735168,202,10,0,True,4.0,0.5,relative,0.9,0.75,tierguard-confirmatory-v1,14d610cc9ec7357c3341a8848f3ff882f68045781c29b0f78e6b44bbd1f2103e,"3.12.10 (tags/v3.12.10:0cc8128, Apr  8 2025, 12:21:36) [MSC v.1943 64 bit (AMD64)]",Windows-11-10.0.26200-SP0,cpu,2.11.0+cu128,0.26.0+cu128,f529652b709448c0a9dc18b7354fcda4aaeee155b38bd3b710e6d08ad7315d37,30
0.5,adaptive_tierguard_aware,0.9775784753363229,0.742,89.85589981079102,1b66688547ef9e51da7a7a8bd79762e37c77e2c921bfe9a23f5d3e4ad61736b9,fashionmnist,0.33333333333333337,0.2,1.0,tierguard-confirmatory-v1,30,88a02253ff67d0d336dc4dc041c8620b5b851533,True,2,0.7274903519819003,0.2,hfl_rfa,20,5,0.0,results/confirmatory_v1/fashionmnist/hfl_rfa/adaptive_tierguard_aware/alpha_0.5/mal_0.2/seed_303/20260915_134305_028988,68.37514638900757,303,10,0,True,4.0,0.5,relative,0.9,0.75,tierguard-confirmatory-v1,14d610cc9ec7357c3341a8848f3ff882f68045781c29b0f78e6b44bbd1f2103e,"3.12.10 (tags/v3.12.10:0cc8128, Apr  8 2025, 12:21:36) [MSC v.1943 64 bit (AMD64)]",Windows-11-10.0.26200-SP0,cpu,2.11.0+cu128,0.26.0+cu128,853f77dda8f187edc1c96f3740211d78a574462e4d1c8ff9d358354f19ed6003,30
0.5,adaptive_tierguard_aware,0.9822616407982262,0.791,90.461669921875,425144da76b759724bb2325d6b7534e418f2f695d90c5d47061301b259764d63,fashionmnist,0.5714285714285715,0.4,1.0,tierguard-confirmatory-v1,30,88a02253ff67d0d336dc4dc041c8620b5b851533,True,2,0.7765788001697089,0.2,hfl_rfa,20,5,0.0,results/confirmatory_v1/fashionmnist/hfl_rfa/adaptive_tierguard_aware/alpha_0.5/mal_0.2/seed_404/20260915_134328_076320,63.50946879386902,404,10,0,True,4.0,0.5,relative,0.9,0.75,tierguard-confirmatory-v1,14d610cc9ec7357c3341a8848f3ff882f68045781c29b0f78e6b44bbd1f2103e,"3.12.10 (tags/v3.12.10:0cc8128, Apr  8 2025, 12:21:36) [MSC v.1943 64 bit (AMD64)]",Windows-11-10.0.26200-SP0,cpu,2.11.0+cu128,0.26.0+cu128,87438aa82d0b95b5f0dff75dac08279789abee8f0012b0dbbe5715b7e7d3de72,30
0.5,adaptive_tierguard_aware,0.982281284606866,0.723,89.45205307006836,c39498bb620aa077a6e8c3e07d96dcfbe46b89f0b4ba22d8f5c9fe1d37207a27,fashionmnist,0.4615384615384615,0.3,1.0,tierguard-confirmatory-v1,30,88a02253ff67d0d336dc4dc041c8620b5b851533,True,2,0.6996183707710459,0.2,hfl_rfa,20,5,0.0,results/confirmatory_v1/fashionmnist/hfl_rfa/adaptive_tierguard_aware/alpha_0.5/mal_0.2/seed_505/20260915_134420_726539,65.34885311126709,505,10,0,True,4.0,0.5,relative,0.9,0.75,tierguard-confirmatory-v1,14d610cc9ec7357c3341a8848f3ff882f68045781c29b0f78e6b44bbd1f2103e,"3.12.10 (tags/v3.12.10:0cc8128, Apr  8 2025, 12:21:36) [MSC v.1943 64 bit (AMD64)]",Windows-11-10.0.26200-SP0,cpu,2.11.0+cu128,0.26.0+cu128,265b358079ed52fd944a79684ce4b86632ea395e25a9ea49653bf4fe4beb5d0d,30
0.5,adaptive_tierguard_aware,0.7118834080717489,0.675,89.25012969970703,5f5231a468e58f82e2bd686f3b2bc02701ecd8d747c409a9c224384eb1491acd,fashionmnist,0.4615384615384615,0.3,1.0,tierguard-confirmatory-v1,30,88a02253ff67d0d336dc4dc041c8620b5b851533,True,2,0.6325524942702092,0.2,hfl_rfa,20,5,0.0,results/confirmatory_v1/fashionmnist/hfl_rfa/adaptive_tierguard_aware/alpha_0.5/mal_0.2/seed_606/20260915_134427_918675,66.97901201248169,606,10,0,True,4.0,0.5,relative,0.9,0.75,tierguard-confirmatory-v1,14d610cc9ec7357c3341a8848f3ff882f68045781c29b0f78e6b44bbd1f2103e,"3.12.10 (tags/v3.12.10:0cc8128, Apr  8 2025, 12:21:36) [MSC v.1943 64 bit (AMD64)]",Windows-11-10.0.26200-SP0,cpu,2.11.0+cu128,0.26.0+cu128,ead90b0747e34e3cb5585f16f30da438524fcfc77a8a6328220dd6276c1d6ff5,30
0.5,adaptive_tierguard_aware,0.9425414364640884,0.775,90.05782318115234,eb38b536783159d3c1aeca42ee6c17d7b2ca1ffebbaaa906b818e8421c66a201,fashionmnist,0.4615384615384615,0.3,1.0,tierguard-confirmatory-v1,30,88a02253ff67d0d336dc4dc041c8620b5b851533,True,2,0.7440914888643462,0.2,hfl_trimmed_mean,20,5,0.0,results/confirmatory_v1/fashionmnist/hfl_trimmed_mean/adaptive_tierguard_aware/alpha_0.5/mal_0.2/seed_101/20260915_134022_300274,73.07090067863464,101,10,0,True,4.0,0.5,relative,0.9,0.75,tierguard-confirmatory-v1,14d610cc9ec7357c3341a8848f3ff882f68045781c29b0f78e6b44bbd1f2103e,"3.12.10 (tags/v3.12.10:0cc8128, Apr  8 2025, 12:21:36) [MSC v.1943 64 bit (AMD64)]",Windows-11-10.0.26200-SP0,cpu,2.11.0+cu128,0.26.0+cu128,642122110fcfbc537f9204e8ab9e23022e36d1b20d6898edb3471d9db6d7de3a,30
0.5,adaptive_tierguard_aware,0.5995550611790879,0.748,89.85589981079102,7cfcbdebec1f8f1351bc2c470448f97ef8d68eb9f194b5d3ded5f171f0ced74f,fashionmnist,0.18181818181818182,0.1,1.0,tierguard-confirmatory-v1,30,88a02253ff67d0d336dc4dc041c8620b5b851533,True,2,0.7359767529801571,0.2,hfl_trimmed_mean,20,5,0.0,results/confirmatory_v1/fashionmnist/hfl_trimmed_mean/adaptive_tierguard_aware/alpha_0.5/mal_0.2/seed_202/20260915_134042_516708,71.61530303955078,202,10,0,True,4.0,0.5,relative,0.9,0.75,tierguard-confirmatory-v1,14d610cc9ec7357c3341a8848f3ff882f68045781c29b0f78e6b44bbd1f2103e,"3.12.10 (tags/v3.12.10:0cc8128, Apr  8 2025, 12:21:36) [MSC v.1943 64 bit (AMD64)]",Windows-11-10.0.26200-SP0,cpu,2.11.0+cu128,0.26.0+cu128,b1d568316593253882b76bcb55938f188d1dee032eaef2eb123a76369361de56,30
0.5,adaptive_tierguard_aware,0.850896860986547,0.758,89.85589981079102,df0b093ceae4d90a9d8dfdcc9f8f1810ced41cc0b10e28efbd4a156be9f754b2,fashionmnist,0.33333333333333337,0.2,1.0,tierguard-confirmatory-v1,30,88a02253ff67d0d336dc4dc041c8620b5b851533,True,2,0.7465990809552119,0.2,hfl_trimmed_mean,20,5,0.0,results/confirmatory_v1/fashionmnist/hfl_trimmed_mean/adaptive_tierguard_aware/alpha_0.5/mal_0.2/seed_303/20260915_134142_200667,63.39768099784851,303,10,0,True,4.0,0.5,relative,0.9,0.75,tierguard-confirmatory-v1,14d610cc9ec7357c3341a8848f3ff882f68045781c29b0f78e6b44bbd1f2103e,"3.12.10 (tags/v3.12.10:0cc8128, Apr  8 2025, 12:21:36) [MSC v.1943 64 bit (AMD64)]",Windows-11-10.0.26200-SP0,cpu,2.11.0+cu128,0.26.0+cu128,7abd3f19765ef53fc17beaf27b9f6ba92138e08ad30a3953f53014eaab1874f8,30
0.5,adaptive_tierguard_aware,0.8658536585365854,0.754,90.461669921875,381455be71b8fc8ab8a9382332d5d1009d827155d65866084a41be6639a88a8c,fashionmnist,0.5714285714285715,0.4,1.0,tierguard-confirmatory-v1,30,88a02253ff67d0d336dc4dc041c8620b5b851533,True,2,0.7304275278638345,0.2,hfl_trimmed_mean,20,5,0.0,results/confirmatory_v1/fashionmnist/hfl_trimmed_mean/adaptive_tierguard_aware/alpha_0.5/mal_0.2/seed_404/20260915_134150_126935,61.75736165046692,404,10,0,True,4.0,0.5,relative,0.9,0.75,tierguard-confirmatory-v1,14d610cc9ec7357c3341a8848f3ff882f68045781c29b0f78e6b44bbd1f2103e,"3.12.10 (tags/v3.12.10:0cc8128, Apr  8 2025, 12:21:36) [MSC v.1943 64 bit (AMD64)]",Windows-11-10.0.26200-SP0,cpu,2.11.0+cu128,0.26.0+cu128,d5a876890963d56bbf883d991e083afded30c7cf7213c22feaa9b283fbdfff7d,30
0.5,adaptive_tierguard_aware,0.760797342192691,0.774,89.45205307006836,2a55d9863cb52c89217a4651b48b2bd50a100875946e2904718390e26f1e3980,fashionmnist,0.4615384615384615,0.3,1.0,tierguard-confirmatory-v1,30,88a02253ff67d0d336dc4dc041c8620b5b851533,True,2,0.7668432963650378,0.2,hfl_trimmed_mean,20,5,0.0,results/confirmatory_v1/fashionmnist/hfl_trimmed_mean/adaptive_tierguard_aware/alpha_0.5/mal_0.2/seed_505/20260915_134150_435962,61.361684799194336,505,10,0,True,4.0,0.5,relative,0.9,0.75,tierguard-confirmatory-v1,14d610cc9ec7357c3341a8848f3ff882f68045781c29b0f78e6b44bbd1f2103e,"3.12.10 (tags/v3.12.10:0cc8128, Apr  8 2025, 12:21:36) [MSC v.1943 64 bit (AMD64)]",Windows-11-10.0.26200-SP0,cpu,2.11.0+cu128,0.26.0+cu128,a2f2c5718d88d971a268edbe018e327f0233179006f80126c19452786bfae358,30
0.5,adaptive_tierguard_aware,0.7802690582959642,0.815,89.25012969970703,3db177ff01ae7b72f22087b9e9160f5cbdf6d51f1c638961c132c910746a0c01,fashionmnist,0.4615384615384615,0.3,1.0,tierguard-confirmatory-v1,30,88a02253ff67d0d336dc4dc041c8620b5b851533,True,2,0.7973008093330112,0.2,hfl_trimmed_mean,20,5,0.0,results/confirmatory_v1/fashionmnist/hfl_trimmed_mean/adaptive_tierguard_aware/alpha_0.5/mal_0.2/seed_606/20260915_134209_531433,64.54345297813416,606,10,0,True,4.0,0.5,relative,0.9,0.75,tierguard-confirmatory-v1,14d610cc9ec7357c3341a8848f3ff882f68045781c29b0f78e6b44bbd1f2103e,"3.12.10 (tags/v3.12.10:0cc8128, Apr  8 2025, 12:21:36) [MSC v.1943 64 bit (AMD64)]",Windows-11-10.0.26200-SP0,cpu,2.11.0+cu128,0.26.0+cu128,07a81b4747cc45a2e507490ad5cba077b7b85400be4378e009c6e376250d5e97,30
0.5,adaptive_tierguard_aware,0.44972375690607735,0.795,90.05782318115234,b72c86e92219eebe224122bba41d0317872b8d005868e9b7e96d067f8e172a2d,fashionmnist,0.7499999999999999,0.6,1.0,tierguard-confirmatory-v1,30,88a02253ff67d0d336dc4dc041c8620b5b851533,True,2,0.7701488892406323,0.2,tierguard,20,5,0.0,results/confirmatory_v1/fashionmnist/tierguard/adaptive_tierguard_aware/alpha_0.5/mal_0.2/seed_101/20260915_134428_502004,72.42229294776917,101,10,0,True,4.0,0.5,relative,0.9,0.75,tierguard-confirmatory-v1,14d610cc9ec7357c3341a8848f3ff882f68045781c29b0f78e6b44bbd1f2103e,"3.12.10 (tags/v3.12.10:0cc8128, Apr  8 2025, 12:21:36) [MSC v.1943 64 bit (AMD64)]",Windows-11-10.0.26200-SP0,cpu,2.11.0+cu128,0.26.0+cu128,113c2c8d732d9f87e1c4f205728d08283cd1b1d70a99670cc0b4f8edc8c2565b,30
0.5,adaptive_tierguard_aware,0.02224694104560623,0.742,89.85589981079102,7a719c3fb34ffcf9911ce1972b06827d79a0d6d83d297454a6a43bba009ac96c,fashionmnist,0.33333333333333337,0.2,1.0,tierguard-confirmatory-v1,30,88a02253ff67d0d336dc4dc041c8620b5b851533,True,2,0.7417051227835345,0.2,tierguard,20,5,0.0,results/confirmatory_v1/fashionmnist/tierguard/adaptive_tierguard_aware/alpha_0.5/mal_0.2/seed_202/20260915_134445_649100,77.637864112854,202,10,0,True,4.0,0.5,relative,0.9,0.75,tierguard-confirmatory-v1,14d610cc9ec7357c3341a8848f3ff882f68045781c29b0f78e6b44bbd1f2103e,"3.12.10 (tags/v3.12.10:0cc8128, Apr  8 2025, 12:21:36) [MSC v.1943 64 bit (AMD64)]",Windows-11-10.0.26200-SP0,cpu,2.11.0+cu128,0.26.0+cu128,90017350114ffbdf8e63e92cf30c5e653e3b15db4d5120889cdfd84042cc14f4,30
0.5,adaptive_tierguard_aware,0.765695067264574,0.773,89.85589981079102,782f1f30917c8f1f707d1110d1b5e40fb8f4bd3a5616eb88e3c78fbb4498fadc,fashionmnist,0.5714285714285715,0.4,1.0,tierguard-confirmatory-v1,30,88a02253ff67d0d336dc4dc041c8620b5b851533,True,2,0.7595339715302684,0.2,tierguard,20,5,0.0,results/confirmatory_v1/fashionmnist/tierguard/adaptive_tierguard_aware/alpha_0.5/mal_0.2/seed_303/20260915_134540_064579,80.21157908439636,303,10,0,True,4.0,0.5,relative,0.9,0.75,tierguard-confirmatory-v1,14d610cc9ec7357c3341a8848f3ff882f68045781c29b0f78e6b44bbd1f2103e,"3.12.10 (tags/v3.12.10:0cc8128, Apr  8 2025, 12:21:36) [MSC v.1943 64 bit (AMD64)]",Windows-11-10.0.26200-SP0,cpu,2.11.0+cu128,0.26.0+cu128,3fce308e83615cba611308cac72f0757838928b0eaf3f95a6cd9eff2c608759c,30
0.5,adaptive_tierguard_aware,0.4445676274944568,0.788,90.461669921875,97a4a760201cc72b9c66f278b1adb947b4896cffac3842dc0babf527a116e2f7,fashionmnist,0.6666666666666665,0.6,0.75,tierguard-confirmatory-v1,30,88a02253ff67d0d336dc4dc041c8620b5b851533,True,2,0.7762660474315182,0.2,tierguard,20,5,0.0,results/confirmatory_v1/fashionmnist/tierguard/adaptive_tierguard_aware/alpha_0.5/mal_0.2/seed_404/20260915_134549_196240,77.23547840118408,404,10,0,True,4.0,0.5,relative,0.9,0.75,tierguard-confirmatory-v1,14d610cc9ec7357c3341a8848f3ff882f68045781c29b0f78e6b44bbd1f2103e,"3.12.10 (tags/v3.12.10:0cc8128, Apr  8 2025, 12:21:36) [MSC v.1943 64 bit (AMD64)]",Windows-11-10.0.26200-SP0,cpu,2.11.0+cu128,0.26.0+cu128,eccd06ffcc35ef351e4a40f1c6632bc64de95806c6fc578091a2d9f73ba0c9c2,30
0.5,adaptive_tierguard_aware,0.26245847176079734,0.732,89.45205307006836,17d46f87071d61b69cf45f27c627f3d4ec7206a2f5f92d11dca8de666e2ce024,fashionmnist,0.7499999999999999,0.6,1.0,tierguard-confirmatory-v1,30,88a02253ff67d0d336dc4dc041c8620b5b851533,True,2,0.7022861430407696,0.2,tierguard,20,5,0.0,results/confirmatory_v1/fashionmnist/tierguard/adaptive_tierguard_aware/alpha_0.5/mal_0.2/seed_505/20260915_134555_226111,77.01235818862915,505,10,0,True,4.0,0.5,relative,0.9,0.75,tierguard-confirmatory-v1,14d610cc9ec7357c3341a8848f3ff882f68045781c29b0f78e6b44bbd1f2103e,"3.12.10 (tags/v3.12.10:0cc8128, Apr  8 2025, 12:21:36) [MSC v.1943 64 bit (AMD64)]",Windows-11-10.0.26200-SP0,cpu,2.11.0+cu128,0.26.0+cu128,c65b650b937709b5b974dfc6634b88270e27995315081de9df66b7d749268d43,30
0.5,adaptive_tierguard_aware,0.02914798206278027,0.715,89.25012969970703,43eed5f22daa36fc416c41c108b2021f1c78b12d89e3240244d22f818bf48f6a,fashionmnist,0.5,0.4,0.6666666666666666,tierguard-confirmatory-v1,30,88a02253ff67d0d336dc4dc041c8620b5b851533,True,2,0.6884510747017794,0.2,tierguard,20,5,0.0,results/confirmatory_v1/fashionmnist/tierguard/adaptive_tierguard_aware/alpha_0.5/mal_0.2/seed_606/20260915_134618_813896,79.49828314781189,606,10,0,True,4.0,0.5,relative,0.9,0.75,tierguard-confirmatory-v1,14d610cc9ec7357c3341a8848f3ff882f68045781c29b0f78e6b44bbd1f2103e,"3.12.10 (tags/v3.12.10:0cc8128, Apr  8 2025, 12:21:36) [MSC v.1943 64 bit (AMD64)]",Windows-11-10.0.26200-SP0,cpu,2.11.0+cu128,0.26.0+cu128,109678bbe0fe3ad19e6ce1ab42f4acb28f489608aee27089f373226f03a8ba80,30
0.5,backdoor_model_replacement,0.9977900552486187,0.532,90.05782318115234,9ce78815e0ea11815ebaaf700b6f076ecd3f54ba5fa3cc08311f1f47e58dd71e,fashionmnist,0.4615384615384615,0.3,1.0,tierguard-confirmatory-v1,30,88a02253ff67d0d336dc4dc041c8620b5b851533,True,2,0.5029761000883047,0.2,hfl_fedavg,20,5,0.0,results/confirmatory_v1/fashionmnist/hfl_fedavg/backdoor_model_replacement/alpha_0.5/mal_0.2/seed_101/20260915_132654_947151,63.0521080493927,101,10,0,True,4.0,0.5,relative,0.9,0.75,tierguard-confirmatory-v1,14d610cc9ec7357c3341a8848f3ff882f68045781c29b0f78e6b44bbd1f2103e,"3.12.10 (tags/v3.12.10:0cc8128, Apr  8 2025, 12:21:36) [MSC v.1943 64 bit (AMD64)]",Windows-11-10.0.26200-SP0,cpu,2.11.0+cu128,0.26.0+cu128,1354df6d1c9c0295249c4d20cc8ba1354e102ef749b86102333c8a11c3fe7162,30
0.5,backdoor_model_replacement,0.9988876529477196,0.651,89.85589981079102,40c58b90e9d8d2e02bf1d16d87840cca11fbd6ccde1065d65f8476d3e000d6ff,fashionmnist,0.18181818181818182,0.1,1.0,tierguard-confirmatory-v1,30,88a02253ff67d0d336dc4dc041c8620b5b851533,True,2,0.604357740071489,0.2,hfl_fedavg,20,5,0.0,results/confirmatory_v1/fashionmnist/hfl_fedavg/backdoor_model_replacement/alpha_0.5/mal_0.2/seed_202/20260915_132657_395005,71.92722368240356,202,10,0,True,4.0,0.5,relative,0.9,0.75,tierguard-confirmatory-v1,14d610cc9ec7357c3341a8848f3ff882f68045781c29b0f78e6b44bbd1f2103e,"3.12.10 (tags/v3.12.10:0cc8128, Apr  8 2025, 12:21:36) [MSC v.1943 64 bit (AMD64)]",Windows-11-10.0.26200-SP0,cpu,2.11.0+cu128,0.26.0+cu128,5cd1c206736788925cb842f74edee98d4cece094baab436f3d4eef025380e2dd,30
0.5,backdoor_model_replacement,0.9820627802690582,0.579,89.85589981079102,ef111180651c66d1f3c4334fab39b7f09acc865c1122b667e178439fd4d0c69c,fashionmnist,0.33333333333333337,0.2,1.0,tierguard-confirmatory-v1,30,88a02253ff67d0d336dc4dc041c8620b5b851533,True,2,0.5394423348083126,0.2,hfl_fedavg,20,5,0.0,results/confirmatory_v1/fashionmnist/hfl_fedavg/backdoor_model_replacement/alpha_0.5/mal_0.2/seed_303/20260915_132701_005030,64.56339621543884,303,10,0,True,4.0,0.5,relative,0.9,0.75,tierguard-confirmatory-v1,14d610cc9ec7357c3341a8848f3ff882f68045781c29b0f78e6b44bbd1f2103e,"3.12.10 (tags/v3.12.10:0cc8128, Apr  8 2025, 12:21:36) [MSC v.1943 64 bit (AMD64)]",Windows-11-10.0.26200-SP0,cpu,2.11.0+cu128,0.26.0+cu128,2b2f2af160bff6528e44fcf5ec790e7cf2d4cb83809e96edc43298e84b000dc6,30
0.5,backdoor_model_replacement,0.991130820399113,0.697,90.461669921875,e6ac0bcc9dc09b4a98125b592361b17c8588c2242eaf3fdc7652bcfab81705cb,fashionmnist,0.5714285714285715,0.4,1.0,tierguard-confirmatory-v1,30,88a02253ff67d0d336dc4dc041c8620b5b851533,True,2,0.6656651561742717,0.2,hfl_fedavg,20,5,0.0,results/confirmatory_v1/fashionmnist/hfl_fedavg/backdoor_model_replacement/alpha_0.5/mal_0.2/seed_404/20260915_132704_298858,67.28208875656128,404,10,0,True,4.0,0.5,relative,0.9,0.75,tierguard-confirmatory-v1,14d610cc9ec7357c3341a8848f3ff882f68045781c29b0f78e6b44bbd1f2103e,"3.12.10 (tags/v3.12.10:0cc8128, Apr  8 2025, 12:21:36) [MSC v.1943 64 bit (AMD64)]",Windows-11-10.0.26200-SP0,cpu,2.11.0+cu128,0.26.0+cu128,92d90c89c7686f4df088ecfad0fa8f8b15e81c897e019c72fe181b067a53c3d3,30
0.5,backdoor_model_replacement,0.9966777408637874,0.752,89.45205307006836,7cd86031fed2202c7bcb15ff8013a6f13bbcd1e0f1d00b7ebfc1b8ad7b6c6d4a,fashionmnist,0.4615384615384615,0.3,1.0,tierguard-confirmatory-v1,30,88a02253ff67d0d336dc4dc041c8620b5b851533,True,2,0.7427285974184701,0.2,hfl_fedavg,20,5,0.0,results/confirmatory_v1/fashionmnist/hfl_fedavg/backdoor_model_replacement/alpha_0.5/mal_0.2/seed_505/20260915_132810_954802,64.66069841384888,505,10,0,True,4.0,0.5,relative,0.9,0.75,tierguard-confirmatory-v1,14d610cc9ec7357c3341a8848f3ff882f68045781c29b0f78e6b44bbd1f2103e,"3.12.10 (tags/v3.12.10:0cc8128, Apr  8 2025, 12:21:36) [MSC v.1943 64 bit (AMD64)]",Windows-11-10.0.26200-SP0,cpu,2.11.0+cu128,0.26.0+cu128,c9d541634d492b37ddbcd00d70704b221e78ea4d99bd2cf5d58650940888751b,30
0.5,backdoor_model_replacement,0.9831838565022422,0.64,89.25012969970703,bf94e22ded8140813346ce5ed26a541a13cd2c2481d7ff69740ac6e00105d659,fashionmnist,0.4615384615384615,0.3,1.0,tierguard-confirmatory-v1,30,88a02253ff67d0d336dc4dc041c8620b5b851533,True,2,0.6052522186375755,0.2,hfl_fedavg,20,5,0.0,results/confirmatory_v1/fashionmnist/hfl_fedavg/backdoor_model_replacement/alpha_0.5/mal_0.2/seed_606/20260915_132818_851993,64.13289856910706,606,10,0,True,4.0,0.5,relative,0.9,0.75,tierguard-confirmatory-v1,14d610cc9ec7357c3341a8848f3ff882f68045781c29b0f78e6b44bbd1f2103e,"3.12.10 (tags/v3.12.10:0cc8128, Apr  8 2025, 12:21:36) [MSC v.1943 64 bit (AMD64)]",Windows-11-10.0.26200-SP0,cpu,2.11.0+cu128,0.26.0+cu128,06211ff07a60744a89bb2e50a101a54e2b9dced4a8b29217688bfb8733b2554c,30
0.5,backdoor_model_replacement,0.14917127071823205,0.769,90.05782318115234,957333a90d44e28e52173a909f6618f5bd3ccee54b154f53b578c7fc7a590ca2,fashionmnist,0.4615384615384615,0.3,1.0,tierguard-confirmatory-v1,30,88a02253ff67d0d336dc4dc041c8620b5b851533,True,2,0.7590287972097501,0.2,hfl_fltrust,20,5,0.0,results/confirmatory_v1/fashionmnist/hfl_fltrust/backdoor_model_replacement/alpha_0.5/mal_0.2/seed_101/20260915_132824_736203,70.4093770980835,101,10,0,True,4.0,0.5,relative,0.9,0.75,tierguard-confirmatory-v1,14d610cc9ec7357c3341a8848f3ff882f68045781c29b0f78e6b44bbd1f2103e,"3.12.10 (tags/v3.12.10:0cc8128, Apr  8 2025, 12:21:36) [MSC v.1943 64 bit (AMD64)]",Windows-11-10.0.26200-SP0,cpu,2.11.0+cu128,0.26.0+cu128,f169bfabd0561ff4ea179997d8ccc05165b78937ad8ad38f00910a41f292de49,30
0.5,backdoor_model_replacement,0.067853170189099,0.723,89.85589981079102,f228e1e43ea8ca765b026e47ed12543d67f38ce5322553b169afb214b3cf2749,fashionmnist,0.18181818181818182,0.1,1.0,tierguard-confirmatory-v1,30,88a02253ff67d0d336dc4dc041c8620b5b851533,True,2,0.6901032889292499,0.2,hfl_fltrust,20,5,0.0,results/confirmatory_v1/fashionmnist/hfl_fltrust/backdoor_model_replacement/alpha_0.5/mal_0.2/seed_202/20260915_132826_002714,73.24919700622559,202,10,0,True,4.0,0.5,relative,0.9,0.75,tierguard-confirmatory-v1,14d610cc9ec7357c3341a8848f3ff882f68045781c29b0f78e6b44bbd1f2103e,"3.12.10 (tags/v3.12.10:0cc8128, Apr  8 2025, 12:21:36) [MSC v.1943 64 bit (AMD64)]",Windows-11-10.0.26200-SP0,cpu,2.11.0+cu128,0.26.0+cu128,a3960255d3604c2517e331ee77da353de221580ee41aa4e390b3daf9f6e04ca1,30
0.5,backdoor_model_replacement,0.06278026905829596,0.752,89.85589981079102,d4c774b236d761f792b2b4a43a912bcc96c633e77e696905440e99a216913892,fashionmnist,0.33333333333333337,0.2,1.0,tierguard-confirmatory-v1,30,88a02253ff67d0d336dc4dc041c8620b5b851533,True,2,0.7413443861720944,0.2,hfl_fltrust,20,5,0.0,results/confirmatory_v1/fashionmnist/hfl_fltrust/backdoor_model_replacement/alpha_0.5/mal_0.2/seed_303/20260915_132929_650657,70.28311896324158,303,10,0,True,4.0,0.5,relative,0.9,0.75,tierguard-confirmatory-v1,14d610cc9ec7357c3341a8848f3ff882f68045781c29b0f78e6b44bbd1f2103e,"3.12.10 (tags/v3.12.10:0cc8128, Apr  8 2025, 12:21:36) [MSC v.1943 64 bit (AMD64)]",Windows-11-10.0.26200-SP0,cpu,2.11.0+cu128,0.26.0+cu128,f4a232d136f095cee68bb1f51616908eaae3e242c77a9029ba12cb7721830df1,30
0.5,backdoor_model_replacement,0.01662971175166297,0.735,90.461669921875,83d4d2a550beb5b870812a3929ef779413f28c1395b164a6162b8015c6f38c8d,fashionmnist,0.5714285714285715,0.4,1.0,tierguard-confirmatory-v1,30,88a02253ff67d0d336dc4dc041c8620b5b851533,True,2,0.711750738869412,0.2,hfl_fltrust,20,5,0.0,results/confirmatory_v1/fashionmnist/hfl_fltrust/backdoor_model_replacement/alpha_0.5/mal_0.2/seed_404/20260915_132936_257634,67.61191296577454,404,10,0,True,4.0,0.5,relative,0.9,0.75,tierguard-confirmatory-v1,14d610cc9ec7357c3341a8848f3ff882f68045781c29b0f78e6b44bbd1f2103e,"3.12.10 (tags/v3.12.10:0cc8128, Apr  8 2025, 12:21:36) [MSC v.1943 64 bit (AMD64)]",Windows-11-10.0.26200-SP0,cpu,2.11.0+cu128,0.26.0+cu128,75df7ed3c7166d4ce652176847d5dbaf73aa2d68ddd1eafc37715af872a62416,30
0.5,backdoor_model_replacement,0.013289036544850499,0.728,89.45205307006836,e2dce2ce04beaf391c2b478ff9b9e6b4217c3283b3daff73f9b5c4b2af759bad,fashionmnist,0.4615384615384615,0.3,1.0,tierguard-confirmatory-v1,30,88a02253ff67d0d336dc4dc041c8620b5b851533,True,2,0.7091380966337018,0.2,hfl_fltrust,20,5,0.0,results/confirmatory_v1/fashionmnist/hfl_fltrust/backdoor_model_replacement/alpha_0.5/mal_0.2/seed_505/20260915_132950_479618,66.82018661499023,505,10,0,True,4.0,0.5,relative,0.9,0.75,tierguard-confirmatory-v1,14d610cc9ec7357c3341a8848f3ff882f68045781c29b0f78e6b44bbd1f2103e,"3.12.10 (tags/v3.12.10:0cc8128, Apr  8 2025, 12:21:36) [MSC v.1943 64 bit (AMD64)]",Windows-11-10.0.26200-SP0,cpu,2.11.0+cu128,0.26.0+cu128,95a393283066341e60268981d871bc33b3a2fcd940679f9ae18b4ad1e1ee4e86,30
0.5,backdoor_model_replacement,0.013452914798206279,0.752,89.25012969970703,4b971bea0624b36751bd990bd9d7eb0a7900df7691913e591884a469be2c656a,fashionmnist,0.4615384615384615,0.3,1.0,tierguard-confirmatory-v1,30,88a02253ff67d0d336dc4dc041c8620b5b851533,True,2,0.7575229497812426,0.2,hfl_fltrust,20,5,0.0,results/confirmatory_v1/fashionmnist/hfl_fltrust/backdoor_model_replacement/alpha_0.5/mal_0.2/seed_606/20260915_132955_138704,68.81211018562317,606,10,0,True,4.0,0.5,relative,0.9,0.75,tierguard-confirmatory-v1,14d610cc9ec7357c3341a8848f3ff882f68045781c29b0f78e6b44bbd1f2103e,"3.12.10 (tags/v3.12.10:0cc8128, Apr  8 2025, 12:21:36) [MSC v.1943 64 bit (AMD64)]",Windows-11-10.0.26200-SP0,cpu,2.11.0+cu128,0.26.0+cu128,f9a9738fe959cbd24f341ff0ced37f88bc80c0ef75425e013ad263ab29e36481,30
0.5,backdoor_model_replacement,0.9933701657458563,0.75,90.05782318115234,73e5fa004b9d990f6729a34bed31925646b7a55ce49bfdbb64f40ed40e69e4da,fashionmnist,0.4615384615384615,0.3,1.0,tierguard-confirmatory-v1,30,88a02253ff67d0d336dc4dc041c8620b5b851533,True,2,0.7488439677190039,0.2,hfl_rfa,20,5,0.0,results/confirmatory_v1/fashionmnist/hfl_rfa/backdoor_model_replacement/alpha_0.5/mal_0.2/seed_101/20260915_133241_332138,61.32311296463013,101,10,0,True,4.0,0.5,relative,0.9,0.75,tierguard-confirmatory-v1,14d610cc9ec7357c3341a8848f3ff882f68045781c29b0f78e6b44bbd1f2103e,"3.12.10 (tags/v3.12.10:0cc8128, Apr  8 2025, 12:21:36) [MSC v.1943 64 bit (AMD64)]",Windows-11-10.0.26200-SP0,cpu,2.11.0+cu128,0.26.0+cu128,b1309e8705fe33437931071bb83b669fe3e5e59b6e1b56a531af0a1839c89cec,30
0.5,backdoor_model_replacement,0.38598442714126807,0.777,89.85589981079102,a87d95d81d6308710c0d08cbf1e0606b9da5c964448b50608f6f9c3eec73ca94,fashionmnist,0.18181818181818182,0.1,1.0,tierguard-confirmatory-v1,30,88a02253ff67d0d336dc4dc041c8620b5b851533,True,2,0.7792216011802593,0.2,hfl_rfa,20,5,0.0,results/confirmatory_v1/fashionmnist/hfl_rfa/backdoor_model_replacement/alpha_0.5/mal_0.2/seed_202/20260915_133247_257445,66.0260214805603,202,10,0,True,4.0,0.5,relative,0.9,0.75,tierguard-confirmatory-v1,14d610cc9ec7357c3341a8848f3ff882f68045781c29b0f78e6b44bbd1f2103e,"3.12.10 (tags/v3.12.10:0cc8128, Apr  8 2025, 12:21:36) [MSC v.1943 64 bit (AMD64)]",Windows-11-10.0.26200-SP0,cpu,2.11.0+cu128,0.26.0+cu128,5091892f0bd2d73d6fad74b42587d5d742e3c2c49b23698c015ad681474a2d71,30
0.5,backdoor_model_replacement,0.9775784753363229,0.695,89.85589981079102,390a52a05c16425b63ac4441645bac6871c26c58a53017d358ffe10cca2e8894,fashionmnist,0.33333333333333337,0.2,1.0,tierguard-confirmatory-v1,30,88a02253ff67d0d336dc4dc041c8620b5b851533,True,2,0.667925714574807,0.2,hfl_rfa,20,5,0.0,results/confirmatory_v1/fashionmnist/hfl_rfa/backdoor_model_replacement/alpha_0.5/mal_0.2/seed_303/20260915_133341_190706,63.53720474243164,303,10,0,True,4.0,0.5,relative,0.9,0.75,tierguard-confirmatory-v1,14d610cc9ec7357c3341a8848f3ff882f68045781c29b0f78e6b44bbd1f2103e,"3.12.10 (tags/v3.12.10:0cc8128, Apr  8 2025, 12:21:36) [MSC v.1943 64 bit (AMD64)]",Windows-11-10.0.26200-SP0,cpu,2.11.0+cu128,0.26.0+cu128,445841217823f7891b4d3ce702f6d7f58f93db1ffaa5f80ee920edccfe8b6e4a,30
0.5,backdoor_model_replacement,1.0,0.722,90.461669921875,8de9da9fae6da3be976a209bd556755bd2fd5f6c3d989782e3727bc3ffa4afbc,fashionmnist,0.5714285714285715,0.4,1.0,tierguard-confirmatory-v1,30,88a02253ff67d0d336dc4dc041c8620b5b851533,True,2,0.6845313472162025,0.2,hfl_rfa,20,5,0.0,results/confirmatory_v1/fashionmnist/hfl_rfa/backdoor_model_replacement/alpha_0.5/mal_0.2/seed_404/20260915_133345_776069,61.96726751327515,404,10,0,True,4.0,0.5,relative,0.9,0.75,tierguard-confirmatory-v1,14d610cc9ec7357c3341a8848f3ff882f68045781c29b0f78e6b44bbd1f2103e,"3.12.10 (tags/v3.12.10:0cc8128, Apr  8 2025, 12:21:36) [MSC v.1943 64 bit (AMD64)]",Windows-11-10.0.26200-SP0,cpu,2.11.0+cu128,0.26.0+cu128,d7aeb589b0ecee917be1698ade606285f02ca1725ce6e5449c06ca48833cc2bd,30
0.5,backdoor_model_replacement,0.982281284606866,0.697,89.45205307006836,3e69d86f167ac10eb3d71d1c72eb27eba20187ca73e65e590e88ce746f775f1e,fashionmnist,0.4615384615384615,0.3,1.0,tierguard-confirmatory-v1,30,88a02253ff67d0d336dc4dc041c8620b5b851533,True,2,0.6530614370020607,0.2,hfl_rfa,20,5,0.0,results/confirmatory_v1/fashionmnist/hfl_rfa/backdoor_model_replacement/alpha_0.5/mal_0.2/seed_505/20260915_133355_310523,60.143924713134766,505,10,0,True,4.0,0.5,relative,0.9,0.75,tierguard-confirmatory-v1,14d610cc9ec7357c3341a8848f3ff882f68045781c29b0f78e6b44bbd1f2103e,"3.12.10 (tags/v3.12.10:0cc8128, Apr  8 2025, 12:21:36) [MSC v.1943 64 bit (AMD64)]",Windows-11-10.0.26200-SP0,cpu,2.11.0+cu128,0.26.0+cu128,46f88205e042667ddce816db8d9c7ffed104df443221f7ceefa5aaf33e509ffe,30
0.5,backdoor_model_replacement,0.8139013452914798,0.663,89.25012969970703,b2847dc51bf954addd934ac3ca3bc2ed887e1d7e4bcb24711d7bbb5c82374302,fashionmnist,0.4615384615384615,0.3,1.0,tierguard-confirmatory-v1,30,88a02253ff67d0d336dc4dc041c8620b5b851533,True,2,0.6037670523676673,0.2,hfl_rfa,20,5,0.0,results/confirmatory_v1/fashionmnist/hfl_rfa/backdoor_model_replacement/alpha_0.5/mal_0.2/seed_606/20260915_133407_106625,61.88101100921631,606,10,0,True,4.0,0.5,relative,0.9,0.75,tierguard-confirmatory-v1,14d610cc9ec7357c3341a8848f3ff882f68045781c29b0f78e6b44bbd1f2103e,"3.12.10 (tags/v3.12.10:0cc8128, Apr  8 2025, 12:21:36) [MSC v.1943 64 bit (AMD64)]",Windows-11-10.0.26200-SP0,cpu,2.11.0+cu128,0.26.0+cu128,c9d59e14585ce6e27797b52a1d08ffb3939fce814befcd4142089749ee757846,30
0.5,backdoor_model_replacement,0.9812154696132597,0.775,90.05782318115234,cd70f79529eefbf26c49821e37614ea6a301be6df17e5b0abd5ab1addd2c5104,fashionmnist,0.4615384615384615,0.3,1.0,tierguard-confirmatory-v1,30,88a02253ff67d0d336dc4dc041c8620b5b851533,True,2,0.7766155620636352,0.2,hfl_trimmed_mean,20,5,0.0,results/confirmatory_v1/fashionmnist/hfl_trimmed_mean/backdoor_model_replacement/alpha_0.5/mal_0.2/seed_101/20260915_133055_602117,72.27997636795044,101,10,0,True,4.0,0.5,relative,0.9,0.75,tierguard-confirmatory-v1,14d610cc9ec7357c3341a8848f3ff882f68045781c29b0f78e6b44bbd1f2103e,"3.12.10 (tags/v3.12.10:0cc8128, Apr  8 2025, 12:21:36) [MSC v.1943 64 bit (AMD64)]",Windows-11-10.0.26200-SP0,cpu,2.11.0+cu128,0.26.0+cu128,8e4dd4a5786b9f503247dd01209887365a64575e33121fdebf663e994685158c,30
0.5,backdoor_model_replacement,0.9488320355951056,0.517,89.85589981079102,94bdcc82ffd4965f7333feb421a05eba303900f528904cb0490824ceeb4d2e14,fashionmnist,0.18181818181818182,0.1,1.0,tierguard-confirmatory-v1,30,88a02253ff67d0d336dc4dc041c8620b5b851533,True,2,0.44057742586835974,0.2,hfl_trimmed_mean,20,5,0.0,results/confirmatory_v1/fashionmnist/hfl_trimmed_mean/backdoor_model_replacement/alpha_0.5/mal_0.2/seed_202/20260915_133058_840723,74.97806000709534,202,10,0,True,4.0,0.5,relative,0.9,0.75,tierguard-confirmatory-v1,14d610cc9ec7357c3341a8848f3ff882f68045781c29b0f78e6b44bbd1f2103e,"3.12.10 (tags/v3.12.10:0cc8128, Apr  8 2025, 12:21:36) [MSC v.1943 64 bit (AMD64)]",Windows-11-10.0.26200-SP0,cpu,2.11.0+cu128,0.26.0+cu128,0bc2ca260032ffd013a541b10833c30c1e1921175585da810e87dc58d26cc141,30
0.5,backdoor_model_replacement,0.9955156950672646,0.677,89.85589981079102,f4b839e5437f44885b3942779d79382b0786b98551442581ac3cbffd08039a71,fashionmnist,0.33333333333333337,0.2,1.0,tierguard-confirmatory-v1,30,88a02253ff67d0d336dc4dc041c8620b5b851533,True,2,0.6450676925379428,0.2,hfl_trimmed_mean,20,5,0.0,results/confirmatory_v1/fashionmnist/hfl_trimmed_mean/backdoor_model_replacement/alpha_0.5/mal_0.2/seed_303/20260915_133112_085267,72.59867787361145,303,10,0,True,4.0,0.5,relative,0.9,0.75,tierguard-confirmatory-v1,14d610cc9ec7357c3341a8848f3ff882f68045781c29b0f78e6b44bbd1f2103e,"3.12.10 (tags/v3.12.10:0cc8128, Apr  8 2025, 12:21:36) [MSC v.1943 64 bit (AMD64)]",Windows-11-10.0.26200-SP0,cpu,2.11.0+cu128,0.26.0+cu128,9e9e3c97519305728d6c66298716640e6cd5b5ef24837f33189c7dc8c81cdab1,30
0.5,backdoor_model_replacement,0.9955654101995566,0.706,90.461669921875,8734e66ca4e88ffd8f5960ee285d079bcdc9d6e29e7b43974f6ab86b85cc0a9a,fashionmnist,0.5714285714285715,0.4,1.0,tierguard-confirmatory-v1,30,88a02253ff67d0d336dc4dc041c8620b5b851533,True,2,0.6562187962695467,0.2,hfl_trimmed_mean,20,5,0.0,results/confirmatory_v1/fashionmnist/hfl_trimmed_mean/backdoor_model_replacement/alpha_0.5/mal_0.2/seed_404/20260915_133119_263267,72.74591898918152,404,10,0,True,4.0,0.5,relative,0.9,0.75,tierguard-confirmatory-v1,14d610cc9ec7357c3341a8848f3ff882f68045781c29b0f78e6b44bbd1f2103e,"3.12.10 (tags/v3.12.10:0cc8128, Apr  8 2025, 12:21:36) [MSC v.1943 64 bit (AMD64)]",Windows-11-10.0.26200-SP0,cpu,2.11.0+cu128,0.26.0+cu128,f1aa1dab4eee79f2af8a0b64084842cac9103419713ffd83a9c0bf9f08f6f30f,30
0.5,backdoor_model_replacement,0.9889258028792912,0.652,89.45205307006836,b50b355421458dfb8cb6725055fd251ee7385c0151f725795231df28b51520b9,fashionmnist,0.4615384615384615,0.3,1.0,tierguard-confirmatory-v1,30,88a02253ff67d0d336dc4dc041c8620b5b851533,True,2,0.5834936011011951,0.2,hfl_trimmed_mean,20,5,0.0,results/confirmatory_v1/fashionmnist/hfl_trimmed_mean/backdoor_model_replacement/alpha_0.5/mal_0.2/seed_505/20260915_133223_289150,63.893007040023804,505,10,0,True,4.0,0.5,relative,0.9,0.75,tierguard-confirmatory-v1,14d610cc9ec7357c3341a8848f3ff882f68045781c29b0f78e6b44bbd1f2103e,"3.12.10 (tags/v3.12.10:0cc8128, Apr  8 2025, 12:21:36) [MSC v.1943 64 bit (AMD64)]",Windows-11-10.0.26200-SP0,cpu,2.11.0+cu128,0.26.0+cu128,81600e10030c593e77861d3181fed8547e74447cf198bb4518f1691d5e712d73,30
0.5,backdoor_model_replacement,0.9966367713004485,0.76,89.25012969970703,065be7d4d1acec8aabed15d2f45dd4b85c2af094df8794cffe0c5ee527f8a70a,fashionmnist,0.4615384615384615,0.3,1.0,tierguard-confirmatory-v1,30,88a02253ff67d0d336dc4dc041c8620b5b851533,True,2,0.7290556165305875,0.2,hfl_trimmed_mean,20,5,0.0,results/confirmatory_v1/fashionmnist/hfl_trimmed_mean/backdoor_model_replacement/alpha_0.5/mal_0.2/seed_606/20260915_133229_371913,62.98076605796814,606,10,0,True,4.0,0.5,relative,0.9,0.75,tierguard-confirmatory-v1,14d610cc9ec7357c3341a8848f3ff882f68045781c29b0f78e6b44bbd1f2103e,"3.12.10 (tags/v3.12.10:0cc8128, Apr  8 2025, 12:21:36) [MSC v.1943 64 bit (AMD64)]",Windows-11-10.0.26200-SP0,cpu,2.11.0+cu128,0.26.0+cu128,6eb4c926b8d4a984644a18ad30aaa295a67f124e26c14cd687a2a4c9af091841,30
0.5,backdoor_model_replacement,0.23867403314917127,0.792,90.05782318115234,d4a9c68a881d535828a63d2ff38daf6a75834ca6b129bc524b7d6681c23f892e,fashionmnist,0.7499999999999999,0.6,1.0,tierguard-confirmatory-v1,30,88a02253ff67d0d336dc4dc041c8620b5b851533,True,2,0.7577335589049422,0.2,tierguard,20,5,0.0,results/confirmatory_v1/fashionmnist/tierguard/backdoor_model_replacement/alpha_0.5/mal_0.2/seed_101/20260915_133458_281054,63.6660475730896,101,10,0,True,4.0,0.5,relative,0.9,0.75,tierguard-confirmatory-v1,14d610cc9ec7357c3341a8848f3ff882f68045781c29b0f78e6b44bbd1f2103e,"3.12.10 (tags/v3.12.10:0cc8128, Apr  8 2025, 12:21:36) [MSC v.1943 64 bit (AMD64)]",Windows-11-10.0.26200-SP0,cpu,2.11.0+cu128,0.26.0+cu128,c667fbacceb8f66ac7290db10c23aea98115ac26a0e203687ea8cb0e1c7daec3,30
0.5,backdoor_model_replacement,0.01668520578420467,0.762,89.85589981079102,64950286441b6dd4d7014aa152a56e7b484a70da1797feedcddb48db3ce5a00b,fashionmnist,0.33333333333333337,0.2,1.0,tierguard-confirmatory-v1,30,88a02253ff67d0d336dc4dc041c8620b5b851533,True,2,0.7651683343856922,0.2,tierguard,20,5,0.0,results/confirmatory_v1/fashionmnist/tierguard/backdoor_model_replacement/alpha_0.5/mal_0.2/seed_202/20260915_133500_760387,66.02114510536194,202,10,0,True,4.0,0.5,relative,0.9,0.75,tierguard-confirmatory-v1,14d610cc9ec7357c3341a8848f3ff882f68045781c29b0f78e6b44bbd1f2103e,"3.12.10 (tags/v3.12.10:0cc8128, Apr  8 2025, 12:21:36) [MSC v.1943 64 bit (AMD64)]",Windows-11-10.0.26200-SP0,cpu,2.11.0+cu128,0.26.0+cu128,ef8dfbece9768333d343759b8688d254a2b3589c87117debde64d9b8382a9e00,30
0.5,backdoor_model_replacement,0.17825112107623317,0.766,89.85589981079102,d4e85bc1ea577d3860eec6d9dfb82ba2faa198177ffa2d79fe8674f38c9b77e2,fashionmnist,0.5714285714285715,0.4,1.0,tierguard-confirmatory-v1,30,88a02253ff67d0d336dc4dc041c8620b5b851533,True,2,0.7486247820507204,0.2,tierguard,20,5,0.0,results/confirmatory_v1/fashionmnist/tierguard/backdoor_model_replacement/alpha_0.5/mal_0.2/seed_303/20260915_133508_319722,65.1487455368042,303,10,0,True,4.0,0.5,relative,0.9,0.75,tierguard-confirmatory-v1,14d610cc9ec7357c3341a8848f3ff882f68045781c29b0f78e6b44bbd1f2103e,"3.12.10 (tags/v3.12.10:0cc8128, Apr  8 2025, 12:21:36) [MSC v.1943 64 bit (AMD64)]",Windows-11-10.0.26200-SP0,cpu,2.11.0+cu128,0.26.0+cu128,63551bc929a923dcb6613db17060101c38c4a06f3c0be04a2e413cffb590fea3,30
0.5,backdoor_model_replacement,0.05432372505543237,0.733,90.461669921875,007bb697c14351edcd19047f8489ee3b4fa8872f381f92c310ca57d27115621b,fashionmnist,0.888888888888889,0.8,1.0,tierguard-confirmatory-v1,30,88a02253ff67d0d336dc4dc041c8620b5b851533,True,2,0.6811652221298476,0.2,tierguard,20,5,0.0,results/confirmatory_v1/fashionmnist/tierguard/backdoor_model_replacement/alpha_0.5/mal_0.2/seed_404/20260915_133522_239528,63.65483283996582,404,10,0,True,4.0,0.5,relative,0.9,0.75,tierguard-confirmatory-v1,14d610cc9ec7357c3341a8848f3ff882f68045781c29b0f78e6b44bbd1f2103e,"3.12.10 (tags/v3.12.10:0cc8128, Apr  8 2025, 12:21:36) [MSC v.1943 64 bit (AMD64)]",Windows-11-10.0.26200-SP0,cpu,2.11.0+cu128,0.26.0+cu128,f1bdc49de6c0a973e4459ab016b07d5c6fa066b3d32b78aa303f9c34dc0c1d5c,30
0.5,backdoor_model_replacement,0.1583610188261351,0.709,89.45205307006836,64c8f9927581d9b9c289d6ea617830b4d0594829e3ec7c6529a6c7e683cdbcb5,fashionmnist,0.4615384615384615,0.3,1.0,tierguard-confirmatory-v1,30,88a02253ff67d0d336dc4dc041c8620b5b851533,True,2,0.6715106985746626,0.2,tierguard,20,5,0.0,results/confirmatory_v1/fashionmnist/tierguard/backdoor_model_replacement/alpha_0.5/mal_0.2/seed_505/20260915_133615_018863,64.11598443984985,505,10,0,True,4.0,0.5,relative,0.9,0.75,tierguard-confirmatory-v1,14d610cc9ec7357c3341a8848f3ff882f68045781c29b0f78e6b44bbd1f2103e,"3.12.10 (tags/v3.12.10:0cc8128, Apr  8 2025, 12:21:36) [MSC v.1943 64 bit (AMD64)]",Windows-11-10.0.26200-SP0,cpu,2.11.0+cu128,0.26.0+cu128,9d0e4b8541db4b233a643bf6da019cecf1acc744031d93a1b68632d93c688676,30
0.5,backdoor_model_replacement,0.021300448430493273,0.747,89.25012969970703,a50614580b46aa294c234f70335c5b5ad7a263a88fffc0ea733d3826759e8999,fashionmnist,0.7499999999999999,0.6,1.0,tierguard-confirmatory-v1,30,88a02253ff67d0d336dc4dc041c8620b5b851533,True,2,0.7289148783380803,0.2,tierguard,20,5,0.0,results/confirmatory_v1/fashionmnist/tierguard/backdoor_model_replacement/alpha_0.5/mal_0.2/seed_606/20260915_133620_044755,65.1273455619812,606,10,0,True,4.0,0.5,relative,0.9,0.75,tierguard-confirmatory-v1,14d610cc9ec7357c3341a8848f3ff882f68045781c29b0f78e6b44bbd1f2103e,"3.12.10 (tags/v3.12.10:0cc8128, Apr  8 2025, 12:21:36) [MSC v.1943 64 bit (AMD64)]",Windows-11-10.0.26200-SP0,cpu,2.11.0+cu128,0.26.0+cu128,ae955e98de9aad8594afc5537a10b76296f57115aef19ac7229c252cd85e6f8c,30
0.5,adaptive_tierguard_aware,0.9845303867403314,0.939,59.97124099731445,ffda113c0de61e23a43aafb286497806633f0b187e223cf4cceed0764dfb5e4e,mnist,0.33333333333333337,0.2,1.0,tierguard-confirmatory-v1,20,88a02253ff67d0d336dc4dc041c8620b5b851533,True,2,0.9372307358361441,0.2,hfl_fedavg,20,5,0.0,results/confirmatory_v1/mnist/hfl_fedavg/adaptive_tierguard_aware/alpha_0.5/mal_0.2/seed_101/20260915_132002_616727,40.569103479385376,101,10,0,True,4.0,0.5,relative,0.9,0.75,tierguard-confirmatory-v1,14d610cc9ec7357c3341a8848f3ff882f68045781c29b0f78e6b44bbd1f2103e,"3.12.10 (tags/v3.12.10:0cc8128, Apr  8 2025, 12:21:36) [MSC v.1943 64 bit (AMD64)]",Windows-11-10.0.26200-SP0,cpu,2.11.0+cu128,0.26.0+cu128,0ad4b4e07fe3a73216d5a00783d378f0a4ccd1c63475d106cbe7f9d7bd3fcd0e,20
0.5,adaptive_tierguard_aware,0.4723451327433628,0.946,59.97124099731445,1eeb5999959ed4e4ef847ff35a35197302459841fa5825b5093fc372e1c4f6dc,mnist,0.4615384615384615,0.3,1.0,tierguard-confirmatory-v1,20,88a02253ff67d0d336dc4dc041c8620b5b851533,True,2,0.9447090486207662,0.2,hfl_fedavg,20,5,0.0,results/confirmatory_v1/mnist/hfl_fedavg/adaptive_tierguard_aware/alpha_0.5/mal_0.2/seed_202/20260915_132003_793693,40.8443238735199,202,10,0,True,4.0,0.5,relative,0.9,0.75,tierguard-confirmatory-v1,14d610cc9ec7357c3341a8848f3ff882f68045781c29b0f78e6b44bbd1f2103e,"3.12.10 (tags/v3.12.10:0cc8128, Apr  8 2025, 12:21:36) [MSC v.1943 64 bit (AMD64)]",Windows-11-10.0.26200-SP0,cpu,2.11.0+cu128,0.26.0+cu128,d624df4d0efae93bda2652053cb9432a0002e620e304babec70c11db18bd3d89,20
0.5,adaptive_tierguard_aware,0.9521690767519466,0.949,59.769317626953125,ef8bcf41246c0964bc6409a618694375833a20e64a86a213f75925fe181c9814,mnist,0.4615384615384615,0.3,1.0,tierguard-confirmatory-v1,20,88a02253ff67d0d336dc4dc041c8620b5b851533,True,2,0.9486843712118065,0.2,hfl_fedavg,20,5,0.0,results/confirmatory_v1/mnist/hfl_fedavg/adaptive_tierguard_aware/alpha_0.5/mal_0.2/seed_303/20260915_132047_591477,42.66669845581055,303,10,0,True,4.0,0.5,relative,0.9,0.75,tierguard-confirmatory-v1,14d610cc9ec7357c3341a8848f3ff882f68045781c29b0f78e6b44bbd1f2103e,"3.12.10 (tags/v3.12.10:0cc8128, Apr  8 2025, 12:21:36) [MSC v.1943 64 bit (AMD64)]",Windows-11-10.0.26200-SP0,cpu,2.11.0+cu128,0.26.0+cu128,5d473aa09d69d8a3a72e7e6ef19dfbc5c7fe5729a45a3b559d6e9cc7e880125c,20
0.5,adaptive_tierguard_aware,0.946607341490545,0.945,60.37508773803711,8dc9b43388d7402c7ffba816ac38c1ddd81e2115872c33b3ffa5e12751ae72fb,mnist,0.4615384615384615,0.3,1.0,tierguard-confirmatory-v1,20,88a02253ff67d0d336dc4dc041c8620b5b851533,True,2,0.9446846303686485,0.2,hfl_fedavg,20,5,0.0,results/confirmatory_v1/mnist/hfl_fedavg/adaptive_tierguard_aware/alpha_0.5/mal_0.2/seed_404/20260915_132052_032151,41.62543177604675,404,10,0,True,4.0,0.5,relative,0.9,0.75,tierguard-confirmatory-v1,14d610cc9ec7357c3341a8848f3ff882f68045781c29b0f78e6b44bbd1f2103e,"3.12.10 (tags/v3.12.10:0cc8128, Apr  8 2025, 12:21:36) [MSC v.1943 64 bit (AMD64)]",Windows-11-10.0.26200-SP0,cpu,2.11.0+cu128,0.26.0+cu128,79e4025b5754440d582a549ece37a8dec3a0cbda08f79741fb03986463bdd036,20
0.5,adaptive_tierguard_aware,0.9877094972067039,0.935,59.36547088623047,e811c34323f4f23aa6d5b5865493ded8c77c608a9d3e6518418e65ee44c7f858,mnist,0.4615384615384615,0.3,1.0,tierguard-confirmatory-v1,20,88a02253ff67d0d336dc4dc041c8620b5b851533,True,2,0.9348648674636026,0.2,hfl_fedavg,20,5,0.0,results/confirmatory_v1/mnist/hfl_fedavg/adaptive_tierguard_aware/alpha_0.5/mal_0.2/seed_505/20260915_132052_069270,41.409297943115234,505,10,0,True,4.0,0.5,relative,0.9,0.75,tierguard-confirmatory-v1,14d610cc9ec7357c3341a8848f3ff882f68045781c29b0f78e6b44bbd1f2103e,"3.12.10 (tags/v3.12.10:0cc8128, Apr  8 2025, 12:21:36) [MSC v.1943 64 bit (AMD64)]",Windows-11-10.0.26200-SP0,cpu,2.11.0+cu128,0.26.0+cu128,610bd8d25200bb1854f0565f5a17f28c927953d9d0bd406bb27c41217f1cb224,20
0.5,adaptive_tierguard_aware,0.9855875831485588,0.952,59.769317626953125,b88ba006ff0c95fdc52b884e5aac15b567f2b71424f52c60fb27559151c4d0d9,mnist,0.4615384615384615,0.3,1.0,tierguard-confirmatory-v1,20,88a02253ff67d0d336dc4dc041c8620b5b851533,True,2,0.95066345964508,0.2,hfl_fedavg,20,5,0.0,results/confirmatory_v1/mnist/hfl_fedavg/adaptive_tierguard_aware/alpha_0.5/mal_0.2/seed_606/20260915_132053_448590,42.11009240150452,606,10,0,True,4.0,0.5,relative,0.9,0.75,tierguard-confirmatory-v1,14d610cc9ec7357c3341a8848f3ff882f68045781c29b0f78e6b44bbd1f2103e,"3.12.10 (tags/v3.12.10:0cc8128, Apr  8 2025, 12:21:36) [MSC v.1943 64 bit (AMD64)]",Windows-11-10.0.26200-SP0,cpu,2.11.0+cu128,0.26.0+cu128,d48d5a87cb1b850d4c342edc76131acb19d21f8ca0898f87f6158a978cb7d494,20
0.5,adaptive_tierguard_aware,0.9977900552486187,0.896,59.97124099731445,41327dbe91ba34fd01e596bf73253990a54633337c78f8a0a71a3e859e26c9c1,mnist,0.33333333333333337,0.2,1.0,tierguard-confirmatory-v1,20,88a02253ff67d0d336dc4dc041c8620b5b851533,True,2,0.8904597277339613,0.2,hfl_fltrust,20,5,0.0,results/confirmatory_v1/mnist/hfl_fltrust/adaptive_tierguard_aware/alpha_0.5/mal_0.2/seed_101/20260915_132139_200830,41.663923263549805,101,10,0,True,4.0,0.5,relative,0.9,0.75,tierguard-confirmatory-v1,14d610cc9ec7357c3341a8848f3ff882f68045781c29b0f78e6b44bbd1f2103e,"3.12.10 (tags/v3.12.10:0cc8128, Apr  8 2025, 12:21:36) [MSC v.1943 64 bit (AMD64)]",Windows-11-10.0.26200-SP0,cpu,2.11.0+cu128,0.26.0+cu128,e40b492e392ca5b72f900596f8d368078b405340c5f6b32ab2e76fa18628cd81,20
0.5,adaptive_tierguard_aware,0.9823008849557522,0.93,59.97124099731445,2414d97ec27fdea6485b349f1eea2a0714ad6c1a04c22b075b89eb9436840492,mnist,0.4615384615384615,0.3,1.0,tierguard-confirmatory-v1,20,88a02253ff67d0d336dc4dc041c8620b5b851533,True,2,0.9279969139847626,0.2,hfl_fltrust,20,5,0.0,results/confirmatory_v1/mnist/hfl_fltrust/adaptive_tierguard_aware/alpha_0.5/mal_0.2/seed_202/20260915_132142_323012,42.01799130439758,202,10,0,True,4.0,0.5,relative,0.9,0.75,tierguard-confirmatory-v1,14d610cc9ec7357c3341a8848f3ff882f68045781c29b0f78e6b44bbd1f2103e,"3.12.10 (tags/v3.12.10:0cc8128, Apr  8 2025, 12:21:36) [MSC v.1943 64 bit (AMD64)]",Windows-11-10.0.26200-SP0,cpu,2.11.0+cu128,0.26.0+cu128,99993827978260a98574d9b0ef9d11f803cc49ef04ad9ac8560d688cbf50a7cb,20
0.5,adaptive_tierguard_aware,1.0,0.933,59.769317626953125,46844fbab20166292e1a5bec9dd616646af6d7de0430304b3235b423a6ed53fc,mnist,0.4615384615384615,0.3,1.0,tierguard-confirmatory-v1,20,88a02253ff67d0d336dc4dc041c8620b5b851533,True,2,0.932271813159506,0.2,hfl_fltrust,20,5,0.0,results/confirmatory_v1/mnist/hfl_fltrust/adaptive_tierguard_aware/alpha_0.5/mal_0.2/seed_303/20260915_132142_563435,43.300389528274536,303,10,0,True,4.0,0.5,relative,0.9,0.75,tierguard-confirmatory-v1,14d610cc9ec7357c3341a8848f3ff882f68045781c29b0f78e6b44bbd1f2103e,"3.12.10 (tags/v3.12.10:0cc8128, Apr  8 2025, 12:21:36) [MSC v.1943 64 bit (AMD64)]",Windows-11-10.0.26200-SP0,cpu,2.11.0+cu128,0.26.0+cu128,72ae7aec452d3f2354321d3659948552926877ee923da9fe75e4236b82b6b6ad,20
0.5,adaptive_tierguard_aware,1.0,0.929,60.37508773803711,cbfe2c4cf10e79277c357f97bdd2684d65cb17df3c2223de5d6d146783cc1baf,mnist,0.4615384615384615,0.3,1.0,tierguard-confirmatory-v1,20,88a02253ff67d0d336dc4dc041c8620b5b851533,True,2,0.9298509122874181,0.2,hfl_fltrust,20,5,0.0,results/confirmatory_v1/mnist/hfl_fltrust/adaptive_tierguard_aware/alpha_0.5/mal_0.2/seed_404/20260915_132144_654860,41.49484944343567,404,10,0,True,4.0,0.5,relative,0.9,0.75,tierguard-confirmatory-v1,14d610cc9ec7357c3341a8848f3ff882f68045781c29b0f78e6b44bbd1f2103e,"3.12.10 (tags/v3.12.10:0cc8128, Apr  8 2025, 12:21:36) [MSC v.1943 64 bit (AMD64)]",Windows-11-10.0.26200-SP0,cpu,2.11.0+cu128,0.26.0+cu128,1efbd16084e37942fb0b546e80522b6fa05fa2683d021eded4ff61b22493163f,20
0.5,adaptive_tierguard_aware,0.9955307262569832,0.926,59.36547088623047,c6bbea18204404615dff96dfb6a1aa325b2192af71e6b716e48b492d6de926fd,mnist,0.4615384615384615,0.3,1.0,tierguard-confirmatory-v1,20,88a02253ff67d0d336dc4dc041c8620b5b851533,True,2,0.9248892608338732,0.2,hfl_fltrust,20,5,0.0,results/confirmatory_v1/mnist/hfl_fltrust/adaptive_tierguard_aware/alpha_0.5/mal_0.2/seed_505/20260915_132229_835636,40.72957420349121,505,10,0,True,4.0,0.5,relative,0.9,0.75,tierguard-confirmatory-v1,14d610cc9ec7357c3341a8848f3ff882f68045781c29b0f78e6b44bbd1f2103e,"3.12.10 (tags/v3.12.10:0cc8128, Apr  8 2025, 12:21:36) [MSC v.1943 64 bit (AMD64)]",Windows-11-10.0.26200-SP0,cpu,2.11.0+cu128,0.26.0+cu128,74f26b009813c3248fcb990d27e1486db74139df175a0c4f9bb703abd31511a1,20
0.5,adaptive_tierguard_aware,0.9977827050997783,0.931,59.769317626953125,7940cca91d51c05778b14da5281d52d3f740a6a097ef6f533b24f3603e04ec72,mnist,0.4615384615384615,0.3,1.0,tierguard-confirmatory-v1,20,88a02253ff67d0d336dc4dc041c8620b5b851533,True,2,0.9292428369644453,0.2,hfl_fltrust,20,5,0.0,results/confirmatory_v1/mnist/hfl_fltrust/adaptive_tierguard_aware/alpha_0.5/mal_0.2/seed_606/20260915_132233_392737,41.56155824661255,606,10,0,True,4.0,0.5,relative,0.9,0.75,tierguard-confirmatory-v1,14d610cc9ec7357c3341a8848f3ff882f68045781c29b0f78e6b44bbd1f2103e,"3.12.10 (tags/v3.12.10:0cc8128, Apr  8 2025, 12:21:36) [MSC v.1943 64 bit (AMD64)]",Windows-11-10.0.26200-SP0,cpu,2.11.0+cu128,0.26.0+cu128,becd1a86a2de0a61123b8f62ba01e2b98b8274c87ceb128e85f67752684a9096,20
0.5,adaptive_tierguard_aware,0.988950276243094,0.935,59.97124099731445,bbb79578d299df807b465d94948418dffae39b3d1824ec67c146e67f9f92eda7,mnist,0.33333333333333337,0.2,1.0,tierguard-confirmatory-v1,20,88a02253ff67d0d336dc4dc041c8620b5b851533,True,2,0.9337080579313761,0.2,hfl_rfa,20,5,0.0,results/confirmatory_v1/mnist/hfl_rfa/adaptive_tierguard_aware/alpha_0.5/mal_0.2/seed_101/20260915_132411_805087,42.01295804977417,101,10,0,True,4.0,0.5,relative,0.9,0.75,tierguard-confirmatory-v1,14d610cc9ec7357c3341a8848f3ff882f68045781c29b0f78e6b44bbd1f2103e,"3.12.10 (tags/v3.12.10:0cc8128, Apr  8 2025, 12:21:36) [MSC v.1943 64 bit (AMD64)]",Windows-11-10.0.26200-SP0,cpu,2.11.0+cu128,0.26.0+cu128,ea8f0326686f267a6c9479e14c7c3dcfc5392dc4ffe2f63c50134cef092e4083,20
0.5,adaptive_tierguard_aware,0.18915929203539822,0.925,59.97124099731445,7ebbbedb68599ea65ae5cca7f8a83cb97e2073238dfec72c4e60f30cc6a96296,mnist,0.4615384615384615,0.3,1.0,tierguard-confirmatory-v1,20,88a02253ff67d0d336dc4dc041c8620b5b851533,True,2,0.9233474604238812,0.2,hfl_rfa,20,5,0.0,results/confirmatory_v1/mnist/hfl_rfa/adaptive_tierguard_aware/alpha_0.5/mal_0.2/seed_202/20260915_132414_601922,42.41698503494263,202,10,0,True,4.0,0.5,relative,0.9,0.75,tierguard-confirmatory-v1,14d610cc9ec7357c3341a8848f3ff882f68045781c29b0f78e6b44bbd1f2103e,"3.12.10 (tags/v3.12.10:0cc8128, Apr  8 2025, 12:21:36) [MSC v.1943 64 bit (AMD64)]",Windows-11-10.0.26200-SP0,cpu,2.11.0+cu128,0.26.0+cu128,3408e3f179e90e904c742a3369b25d27589f04e3295b420c19ebbef2730adb26,20
0.5,adaptive_tierguard_aware,0.7597330367074527,0.896,59.769317626953125,4501598e78bf3189a75a9af67232a181b4f0480d8a1e8ed395e773a57619cd80,mnist,0.4615384615384615,0.3,1.0,tierguard-confirmatory-v1,20,88a02253ff67d0d336dc4dc041c8620b5b851533,True,2,0.8936440873721425,0.2,hfl_rfa,20,5,0.0,results/confirmatory_v1/mnist/hfl_rfa/adaptive_tierguard_aware/alpha_0.5/mal_0.2/seed_303/20260915_132415_228018,43.75935411453247,303,10,0,True,4.0,0.5,relative,0.9,0.75,tierguard-confirmatory-v1,14d610cc9ec7357c3341a8848f3ff882f68045781c29b0f78e6b44bbd1f2103e,"3.12.10 (tags/v3.12.10:0cc8128, Apr  8 2025, 12:21:36) [MSC v.1943 64 bit (AMD64)]",Windows-11-10.0.26200-SP0,cpu,2.11.0+cu128,0.26.0+cu128,323f96e21ecc4c8884af40436916f5e92be32656af7f21ff0a9d798a7d0e4aff,20
0.5,adaptive_tierguard_aware,0.9666295884315906,0.932,60.37508773803711,074af7a93fdffbcb7fc45e1ac517a83276ec1d447697cbef9a8856bebd500327,mnist,0.4615384615384615,0.3,1.0,tierguard-confirmatory-v1,20,88a02253ff67d0d336dc4dc041c8620b5b851533,True,2,0.9320920209589533,0.2,hfl_rfa,20,5,0.0,results/confirmatory_v1/mnist/hfl_rfa/adaptive_tierguard_aware/alpha_0.5/mal_0.2/seed_404/20260915_132417_649334,41.974799156188965,404,10,0,True,4.0,0.5,relative,0.9,0.75,tierguard-confirmatory-v1,14d610cc9ec7357c3341a8848f3ff882f68045781c29b0f78e6b44bbd1f2103e,"3.12.10 (tags/v3.12.10:0cc8128, Apr  8 2025, 12:21:36) [MSC v.1943 64 bit (AMD64)]",Windows-11-10.0.26200-SP0,cpu,2.11.0+cu128,0.26.0+cu128,3de58e558c2d4235253f7e3548c945f9b39dc0a11947da27280aa039135c880d,20
0.5,adaptive_tierguard_aware,1.0,0.941,59.36547088623047,96a1ee53486dc456fb42e465cdd4102fed8881fc038d0eac523e958a9ecdb865,mnist,0.4615384615384615,0.3,1.0,tierguard-confirmatory-v1,20,88a02253ff67d0d336dc4dc041c8620b5b851533,True,2,0.9406197797913036,0.2,hfl_rfa,20,5,0.0,results/confirmatory_v1/mnist/hfl_rfa/adaptive_tierguard_aware/alpha_0.5/mal_0.2/seed_505/20260915_132502_700298,43.78506422042847,505,10,0,True,4.0,0.5,relative,0.9,0.75,tierguard-confirmatory-v1,14d610cc9ec7357c3341a8848f3ff882f68045781c29b0f78e6b44bbd1f2103e,"3.12.10 (tags/v3.12.10:0cc8128, Apr  8 2025, 12:21:36) [MSC v.1943 64 bit (AMD64)]",Windows-11-10.0.26200-SP0,cpu,2.11.0+cu128,0.26.0+cu128,dad4089a2067960b4b9099da29b7c49eafc4a62927df70e0cfdfef6ad2b68475,20
0.5,adaptive_tierguard_aware,0.9966740576496674,0.958,59.769317626953125,9ae18427248880012ffece03f0e3356ab830406331ef739192d84acad388675d,mnist,0.4615384615384615,0.3,1.0,tierguard-confirmatory-v1,20,88a02253ff67d0d336dc4dc041c8620b5b851533,True,2,0.9564416914664562,0.2,hfl_rfa,20,5,0.0,results/confirmatory_v1/mnist/hfl_rfa/adaptive_tierguard_aware/alpha_0.5/mal_0.2/seed_606/20260915_132505_898902,45.446128845214844,606,10,0,True,4.0,0.5,relative,0.9,0.75,tierguard-confirmatory-v1,14d610cc9ec7357c3341a8848f3ff882f68045781c29b0f78e6b44bbd1f2103e,"3.12.10 (tags/v3.12.10:0cc8128, Apr  8 2025, 12:21:36) [MSC v.1943 64 bit (AMD64)]",Windows-11-10.0.26200-SP0,cpu,2.11.0+cu128,0.26.0+cu128,916222269cf9050b7646cab40fc87660dcaab655d2fb06ef73abb50f2c26f8d2,20
0.5,adaptive_tierguard_aware,0.938121546961326,0.928,59.97124099731445,ae668a6199a56531e0a3ada03b6e35bd37538cb64ff13ad54ab3d567c85e7104,mnist,0.33333333333333337,0.2,1.0,tierguard-confirmatory-v1,20,88a02253ff67d0d336dc4dc041c8620b5b851533,True,2,0.9252874166442198,0.2,hfl_trimmed_mean,20,5,0.0,results/confirmatory_v1/mnist/hfl_trimmed_mean/adaptive_tierguard_aware/alpha_0.5/mal_0.2/seed_101/20260915_132234_911113,40.831679344177246,101,10,0,True,4.0,0.5,relative,0.9,0.75,tierguard-confirmatory-v1,14d610cc9ec7357c3341a8848f3ff882f68045781c29b0f78e6b44bbd1f2103e,"3.12.10 (tags/v3.12.10:0cc8128, Apr  8 2025, 12:21:36) [MSC v.1943 64 bit (AMD64)]",Windows-11-10.0.26200-SP0,cpu,2.11.0+cu128,0.26.0+cu128,3e5e9cb1b2283b07c5f606342e89116891140ed3660d9f46d82db37943027efc,20
0.5,adaptive_tierguard_aware,0.5110619469026548,0.94,59.97124099731445,19364059424fd06506019cbb51fb57886d9f705cb8ca05ea9512bb05dcbb75bd,mnist,0.4615384615384615,0.3,1.0,tierguard-confirmatory-v1,20,88a02253ff67d0d336dc4dc041c8620b5b851533,True,2,0.9384318710877176,0.2,hfl_trimmed_mean,20,5,0.0,results/confirmatory_v1/mnist/hfl_trimmed_mean/adaptive_tierguard_aware/alpha_0.5/mal_0.2/seed_202/20260915_132234_955980,41.777732372283936,202,10,0,True,4.0,0.5,relative,0.9,0.75,tierguard-confirmatory-v1,14d610cc9ec7357c3341a8848f3ff882f68045781c29b0f78e6b44bbd1f2103e,"3.12.10 (tags/v3.12.10:0cc8128, Apr  8 2025, 12:21:36) [MSC v.1943 64 bit (AMD64)]",Windows-11-10.0.26200-SP0,cpu,2.11.0+cu128,0.26.0+cu128,96456643501f741af683a0b578fd37cf524d9c89829e7b0cb05be9557a86fe9f,20
0.5,adaptive_tierguard_aware,0.7842046718576196,0.946,59.769317626953125,0979600e52f39df5b402dd9fee06809e8ee6822576ff24907052d926a73f8b13,mnist,0.4615384615384615,0.3,1.0,tierguard-confirmatory-v1,20,88a02253ff67d0d336dc4dc041c8620b5b851533,True,2,0.9453905336275573,0.2,hfl_trimmed_mean,20,5,0.0,results/confirmatory_v1/mnist/hfl_trimmed_mean/adaptive_tierguard_aware/alpha_0.5/mal_0.2/seed_303/20260915_132319_456598,43.5199990272522,303,10,0,True,4.0,0.5,relative,0.9,0.75,tierguard-confirmatory-v1,14d610cc9ec7357c3341a8848f3ff882f68045781c29b0f78e6b44bbd1f2103e,"3.12.10 (tags/v3.12.10:0cc8128, Apr  8 2025, 12:21:36) [MSC v.1943 64 bit (AMD64)]",Windows-11-10.0.26200-SP0,cpu,2.11.0+cu128,0.26.0+cu128,70b3d5ba7c11bca11d4ce757380d9d85c573c6637c9c2023059e257b6015184b,20
0.5,adaptive_tierguard_aware,0.8809788654060067,0.938,60.37508773803711,4fd588dbfa661e56b300437eba17ac812d2545eb33eba27f27a18e4600689da5,mnist,0.4615384615384615,0.3,1.0,tierguard-confirmatory-v1,20,88a02253ff67d0d336dc4dc041c8620b5b851533,True,2,0.9383470039965,0.2,hfl_trimmed_mean,20,5,0.0,results/confirmatory_v1/mnist/hfl_trimmed_mean/adaptive_tierguard_aware/alpha_0.5/mal_0.2/seed_404/20260915_132323_980596,41.63868021965027,404,10,0,True,4.0,0.5,relative,0.9,0.75,tierguard-confirmatory-v1,14d610cc9ec7357c3341a8848f3ff882f68045781c29b0f78e6b44bbd1f2103e,"3.12.10 (tags/v3.12.10:0cc8128, Apr  8 2025, 12:21:36) [MSC v.1943 64 bit (AMD64)]",Windows-11-10.0.26200-SP0,cpu,2.11.0+cu128,0.26.0+cu128,4f88f705bc3fb02958e25ddc0ded2b9e43cbbbaae8e4e9bc5f594b3eff620262,20
0.5,adaptive_tierguard_aware,0.9206703910614525,0.926,59.36547088623047,ff650745c977ac3127ae1ae4322401325964cc0465b7d912e1748b2bcd2c615d,mnist,0.4615384615384615,0.3,1.0,tierguard-confirmatory-v1,20,88a02253ff67d0d336dc4dc041c8620b5b851533,True,2,0.9255539179057962,0.2,hfl_trimmed_mean,20,5,0.0,results/confirmatory_v1/mnist/hfl_trimmed_mean/adaptive_tierguard_aware/alpha_0.5/mal_0.2/seed_505/20260915_132324_464423,41.960129261016846,505,10,0,True,4.0,0.5,relative,0.9,0.75,tierguard-confirmatory-v1,14d610cc9ec7357c3341a8848f3ff882f68045781c29b0f78e6b44bbd1f2103e,"3.12.10 (tags/v3.12.10:0cc8128, Apr  8 2025, 12:21:36) [MSC v.1943 64 bit (AMD64)]",Windows-11-10.0.26200-SP0,cpu,2.11.0+cu128,0.26.0+cu128,49b80a52223152b323e120772ed51a17287c5376d31601c598e91b35307bee1b,20
0.5,adaptive_tierguard_aware,0.9467849223946785,0.939,59.769317626953125,70878de63fda992f99d631513ca1f8289f1445011861691e8c6f1297a43681f3,mnist,0.4615384615384615,0.3,1.0,tierguard-confirmatory-v1,20,88a02253ff67d0d336dc4dc041c8620b5b851533,True,2,0.9370271246962574,0.2,hfl_trimmed_mean,20,5,0.0,results/confirmatory_v1/mnist/hfl_trimmed_mean/adaptive_tierguard_aware/alpha_0.5/mal_0.2/seed_606/20260915_132325_776150,42.8663113117218,606,10,0,True,4.0,0.5,relative,0.9,0.75,tierguard-confirmatory-v1,14d610cc9ec7357c3341a8848f3ff882f68045781c29b0f78e6b44bbd1f2103e,"3.12.10 (tags/v3.12.10:0cc8128, Apr  8 2025, 12:21:36) [MSC v.1943 64 bit (AMD64)]",Windows-11-10.0.26200-SP0,cpu,2.11.0+cu128,0.26.0+cu128,36878b3c65b2a75a375fa15baff8d8a3187544f71154c9b311e97a0d64056a29,20
0.5,adaptive_tierguard_aware,0.23204419889502761,0.926,59.97124099731445,4365cf2009b080eb5203c4ba4eb7cd3a8620b3b98eba974833814baee9b70088,mnist,0.5714285714285715,0.4,1.0,tierguard-confirmatory-v1,20,88a02253ff67d0d336dc4dc041c8620b5b851533,True,2,0.9237749308020525,0.2,tierguard,20,5,0.0,results/confirmatory_v1/mnist/tierguard/adaptive_tierguard_aware/alpha_0.5/mal_0.2/seed_101/20260915_132507_826163,47.35090684890747,101,10,0,True,4.0,0.5,relative,0.9,0.75,tierguard-confirmatory-v1,14d610cc9ec7357c3341a8848f3ff882f68045781c29b0f78e6b44bbd1f2103e,"3.12.10 (tags/v3.12.10:0cc8128, Apr  8 2025, 12:21:36) [MSC v.1943 64 bit (AMD64)]",Windows-11-10.0.26200-SP0,cpu,2.11.0+cu128,0.26.0+cu128,e9f99a7bc2ac7b9708b913e2ec329aa95ebae41f897f0bb9a13cdac7aff703ee,20
0.5,adaptive_tierguard_aware,0.024336283185840708,0.945,59.97124099731445,49ed4ae5de0b6f1acffe84c3bd09cd25bfbeb1e0d503fdf8bf6a143256f1cb73,mnist,0.7499999999999999,0.6,1.0,tierguard-confirmatory-v1,20,88a02253ff67d0d336dc4dc041c8620b5b851533,True,2,0.9436236391435561,0.2,tierguard,20,5,0.0,results/confirmatory_v1/mnist/tierguard/adaptive_tierguard_aware/alpha_0.5/mal_0.2/seed_202/20260915_132508_433256,48.15065336227417,202,10,0,True,4.0,0.5,relative,0.9,0.75,tierguard-confirmatory-v1,14d610cc9ec7357c3341a8848f3ff882f68045781c29b0f78e6b44bbd1f2103e,"3.12.10 (tags/v3.12.10:0cc8128, Apr  8 2025, 12:21:36) [MSC v.1943 64 bit (AMD64)]",Windows-11-10.0.26200-SP0,cpu,2.11.0+cu128,0.26.0+cu128,eba66364de5eb04b60067ce1a84c13f2a337958d8e8dcff79fd18b8fb974ab8d,20
0.5,adaptive_tierguard_aware,0.14905450500556172,0.938,59.769317626953125,ed6b87d7869e7ab46befc249acec0377c31c0f79993bb0a9f126d21864b0bd4c,mnist,0.7499999999999999,0.6,1.0,tierguard-confirmatory-v1,20,88a02253ff67d0d336dc4dc041c8620b5b851533,True,2,0.9374278521079138,0.2,tierguard,20,5,0.0,results/confirmatory_v1/mnist/tierguard/adaptive_tierguard_aware/alpha_0.5/mal_0.2/seed_303/20260915_132556_586600,48.5093457698822,303,10,0,True,4.0,0.5,relative,0.9,0.75,tierguard-confirmatory-v1,14d610cc9ec7357c3341a8848f3ff882f68045781c29b0f78e6b44bbd1f2103e,"3.12.10 (tags/v3.12.10:0cc8128, Apr  8 2025, 12:21:36) [MSC v.1943 64 bit (AMD64)]",Windows-11-10.0.26200-SP0,cpu,2.11.0+cu128,0.26.0+cu128,130c9f571795ce1f9bbf1ec34a433b57ac8714e0bd9daff1b325cf03ccb0a91a,20
0.5,adaptive_tierguard_aware,0.09454949944382647,0.927,60.37508773803711,9a5188b91b89f1b2438ed0320786f8a52857a76f0eedd5ec39fb8dfa598e90fa,mnist,0.7499999999999999,0.6,1.0,tierguard-confirmatory-v1,20,88a02253ff67d0d336dc4dc041c8620b5b851533,True,2,0.9275459155044115,0.2,tierguard,20,5,0.0,results/confirmatory_v1/mnist/tierguard/adaptive_tierguard_aware/alpha_0.5/mal_0.2/seed_404/20260915_132600_857373,46.88309979438782,404,10,0,True,4.0,0.5,relative,0.9,0.75,tierguard-confirmatory-v1,14d610cc9ec7357c3341a8848f3ff882f68045781c29b0f78e6b44bbd1f2103e,"3.12.10 (tags/v3.12.10:0cc8128, Apr  8 2025, 12:21:36) [MSC v.1943 64 bit (AMD64)]",Windows-11-10.0.26200-SP0,cpu,2.11.0+cu128,0.26.0+cu128,9dc8469a86e71d043e4f3937c0d9a133ad39041285139089ee4b5a1c8a8bf5eb,20
0.5,adaptive_tierguard_aware,0.4301675977653631,0.922,59.36547088623047,6a1eb3116cfa934966e44dfe68ecfb9bc203829d524ab6d7ffccb1296288caea,mnist,0.7499999999999999,0.6,1.0,tierguard-confirmatory-v1,20,88a02253ff67d0d336dc4dc041c8620b5b851533,True,2,0.9216746740613532,0.2,tierguard,20,5,0.0,results/confirmatory_v1/mnist/tierguard/adaptive_tierguard_aware/alpha_0.5/mal_0.2/seed_505/20260915_132604_654326,46.671183586120605,505,10,0,True,4.0,0.5,relative,0.9,0.75,tierguard-confirmatory-v1,14d610cc9ec7357c3341a8848f3ff882f68045781c29b0f78e6b44bbd1f2103e,"3.12.10 (tags/v3.12.10:0cc8128, Apr  8 2025, 12:21:36) [MSC v.1943 64 bit (AMD64)]",Windows-11-10.0.26200-SP0,cpu,2.11.0+cu128,0.26.0+cu128,e02e1a8bf0114b46dcb3bf8246193afd0e4ecad837eefbdae66550ba3e816aad,20
0.5,adaptive_tierguard_aware,0.8592017738359202,0.945,59.769317626953125,157557865e9794a17994c323b17d6f758cc0b14ac163517d106565e62c016536,mnist,0.5,0.4,0.6666666666666666,tierguard-confirmatory-v1,20,88a02253ff67d0d336dc4dc041c8620b5b851533,True,2,0.9432630109895802,0.2,tierguard,20,5,0.0,results/confirmatory_v1/mnist/tierguard/adaptive_tierguard_aware/alpha_0.5/mal_0.2/seed_606/20260915_132606_129121,48.245811462402344,606,10,0,True,4.0,0.5,relative,0.9,0.75,tierguard-confirmatory-v1,14d610cc9ec7357c3341a8848f3ff882f68045781c29b0f78e6b44bbd1f2103e,"3.12.10 (tags/v3.12.10:0cc8128, Apr  8 2025, 12:21:36) [MSC v.1943 64 bit (AMD64)]",Windows-11-10.0.26200-SP0,cpu,2.11.0+cu128,0.26.0+cu128,16aa6165902d992d1e4a59891282329af8e5c7b2cb27a5d5dfd58f55155bc0d8,20
0.5,backdoor_model_replacement,1.0,0.807,59.97124099731445,f0b49fb2a829d6d17299a89b977aa62a868562c86b4b06b0e05a8874cf88d9b8,mnist,0.33333333333333337,0.2,1.0,tierguard-confirmatory-v1,20,88a02253ff67d0d336dc4dc041c8620b5b851533,True,2,0.7647924044720972,0.2,hfl_fedavg,20,5,0.0,results/confirmatory_v1/mnist/hfl_fedavg/backdoor_model_replacement/alpha_0.5/mal_0.2/seed_101/20260915_131416_694138,37.558488607406616,101,10,0,True,4.0,0.5,relative,0.9,0.75,tierguard-confirmatory-v1,14d610cc9ec7357c3341a8848f3ff882f68045781c29b0f78e6b44bbd1f2103e,"3.12.10 (tags/v3.12.10:0cc8128, Apr  8 2025, 12:21:36) [MSC v.1943 64 bit (AMD64)]",Windows-11-10.0.26200-SP0,cpu,2.11.0+cu128,0.26.0+cu128,e908db406aa6f35fff4cf56e7c9e9cf76c42c14336bfb300d90bb3d392522b83,20
0.5,backdoor_model_replacement,0.9988938053097345,0.948,59.97124099731445,746d43ef91e5f3579c445f4c152236368f12491e0aeb80ac1ee84caaa43a3932,mnist,0.4615384615384615,0.3,1.0,tierguard-confirmatory-v1,20,88a02253ff67d0d336dc4dc041c8620b5b851533,True,2,0.946665230444985,0.2,hfl_fedavg,20,5,0.0,results/confirmatory_v1/mnist/hfl_fedavg/backdoor_model_replacement/alpha_0.5/mal_0.2/seed_202/20260915_131416_702398,39.35149359703064,202,10,0,True,4.0,0.5,relative,0.9,0.75,tierguard-confirmatory-v1,14d610cc9ec7357c3341a8848f3ff882f68045781c29b0f78e6b44bbd1f2103e,"3.12.10 (tags/v3.12.10:0cc8128, Apr  8 2025, 12:21:36) [MSC v.1943 64 bit (AMD64)]",Windows-11-10.0.26200-SP0,cpu,2.11.0+cu128,0.26.0+cu128,bbb46236101badd5246d66bab10f8419e2e348cba321fe146fe798380acac0b2,20
0.5,backdoor_model_replacement,0.9922135706340378,0.851,59.769317626953125,ad70c5652f38c3dd80972795b6cf2bb51fa1aaf6823faa1cd3aae845437cf29b,mnist,0.4615384615384615,0.3,1.0,tierguard-confirmatory-v1,20,88a02253ff67d0d336dc4dc041c8620b5b851533,True,2,0.847331744088487,0.2,hfl_fedavg,20,5,0.0,results/confirmatory_v1/mnist/hfl_fedavg/backdoor_model_replacement/alpha_0.5/mal_0.2/seed_303/20260915_131416_702398,38.811355113983154,303,10,0,True,4.0,0.5,relative,0.9,0.75,tierguard-confirmatory-v1,14d610cc9ec7357c3341a8848f3ff882f68045781c29b0f78e6b44bbd1f2103e,"3.12.10 (tags/v3.12.10:0cc8128, Apr  8 2025, 12:21:36) [MSC v.1943 64 bit (AMD64)]",Windows-11-10.0.26200-SP0,cpu,2.11.0+cu128,0.26.0+cu128,e4fa687a7b46dc9a89af17cf1cde94c839a64e353564867814bdc9bc3cd2d76f,20
0.5,backdoor_model_replacement,0.9988876529477196,0.913,60.37508773803711,49372d925b650ef3e2b5db5f5fce653a4b1ec8743fcdeb1a6f647efe9776c507,mnist,0.4615384615384615,0.3,1.0,tierguard-confirmatory-v1,20,88a02253ff67d0d336dc4dc041c8620b5b851533,True,2,0.9128805319525656,0.2,hfl_fedavg,20,5,0.0,results/confirmatory_v1/mnist/hfl_fedavg/backdoor_model_replacement/alpha_0.5/mal_0.2/seed_404/20260915_131416_694138,38.35594725608826,404,10,0,True,4.0,0.5,relative,0.9,0.75,tierguard-confirmatory-v1,14d610cc9ec7357c3341a8848f3ff882f68045781c29b0f78e6b44bbd1f2103e,"3.12.10 (tags/v3.12.10:0cc8128, Apr  8 2025, 12:21:36) [MSC v.1943 64 bit (AMD64)]",Windows-11-10.0.26200-SP0,cpu,2.11.0+cu128,0.26.0+cu128,7f52bc580c2a38ba39500a8e54bdfee227f21cc1306ba4570d5c41ec438f82a0,20
0.5,backdoor_model_replacement,1.0,0.834,59.36547088623047,f2e7f7baaa2b2a773a2337d4196ff50a3531dea68734a51bfc9df4caebba26cc,mnist,0.4615384615384615,0.3,1.0,tierguard-confirmatory-v1,20,88a02253ff67d0d336dc4dc041c8620b5b851533,True,2,0.8383911222327475,0.2,hfl_fedavg,20,5,0.0,results/confirmatory_v1/mnist/hfl_fedavg/backdoor_model_replacement/alpha_0.5/mal_0.2/seed_505/20260915_131502_153306,38.22165036201477,505,10,0,True,4.0,0.5,relative,0.9,0.75,tierguard-confirmatory-v1,14d610cc9ec7357c3341a8848f3ff882f68045781c29b0f78e6b44bbd1f2103e,"3.12.10 (tags/v3.12.10:0cc8128, Apr  8 2025, 12:21:36) [MSC v.1943 64 bit (AMD64)]",Windows-11-10.0.26200-SP0,cpu,2.11.0+cu128,0.26.0+cu128,5f18f42d3500eb1f8ebba38b93f5cb881836a981cc72486f74148c2900039b78,20
0.5,backdoor_model_replacement,0.9290465631929047,0.9,59.769317626953125,7e59dcad5e6f4a27ba116a6eb607eb168af823d669bdd8ad77e5ec927ec37126,mnist,0.4615384615384615,0.3,1.0,tierguard-confirmatory-v1,20,88a02253ff67d0d336dc4dc041c8620b5b851533,True,2,0.9011296548936392,0.2,hfl_fedavg,20,5,0.0,results/confirmatory_v1/mnist/hfl_fedavg/backdoor_model_replacement/alpha_0.5/mal_0.2/seed_606/20260915_131503_132947,37.478201389312744,606,10,0,True,4.0,0.5,relative,0.9,0.75,tierguard-confirmatory-v1,14d610cc9ec7357c3341a8848f3ff882f68045781c29b0f78e6b44bbd1f2103e,"3.12.10 (tags/v3.12.10:0cc8128, Apr  8 2025, 12:21:36) [MSC v.1943 64 bit (AMD64)]",Windows-11-10.0.26200-SP0,cpu,2.11.0+cu128,0.26.0+cu128,e4b03df6fccc77e1bb36e0142f26149e2f5a85095ed22611fc06087ea1ae758a,20
0.5,backdoor_model_replacement,0.36353591160220994,0.903,59.97124099731445,906e4ab543fd6a13fa597cb4dc6b9155591377dfd656dbbf1658d4700f9788ec,mnist,0.33333333333333337,0.2,1.0,tierguard-confirmatory-v1,20,88a02253ff67d0d336dc4dc041c8620b5b851533,True,2,0.9000437145393722,0.2,hfl_fltrust,20,5,0.0,results/confirmatory_v1/mnist/hfl_fltrust/backdoor_model_replacement/alpha_0.5/mal_0.2/seed_101/20260915_131503_323546,39.68331217765808,101,10,0,True,4.0,0.5,relative,0.9,0.75,tierguard-confirmatory-v1,14d610cc9ec7357c3341a8848f3ff882f68045781c29b0f78e6b44bbd1f2103e,"3.12.10 (tags/v3.12.10:0cc8128, Apr  8 2025, 12:21:36) [MSC v.1943 64 bit (AMD64)]",Windows-11-10.0.26200-SP0,cpu,2.11.0+cu128,0.26.0+cu128,5c700c205cf366dd955d81e2ee78b4b54fb32064098c2f1c6930104403a01f5d,20
0.5,backdoor_model_replacement,0.030973451327433628,0.929,59.97124099731445,286c1755a5a21538a31cc83d26a3e14c0709647b6e339803c273b9fc086cd4c9,mnist,0.4615384615384615,0.3,1.0,tierguard-confirmatory-v1,20,88a02253ff67d0d336dc4dc041c8620b5b851533,True,2,0.9266669201468665,0.2,hfl_fltrust,20,5,0.0,results/confirmatory_v1/mnist/hfl_fltrust/backdoor_model_replacement/alpha_0.5/mal_0.2/seed_202/20260915_131504_668134,40.482722759246826,202,10,0,True,4.0,0.5,relative,0.9,0.75,tierguard-confirmatory-v1,14d610cc9ec7357c3341a8848f3ff882f68045781c29b0f78e6b44bbd1f2103e,"3.12.10 (tags/v3.12.10:0cc8128, Apr  8 2025, 12:21:36) [MSC v.1943 64 bit (AMD64)]",Windows-11-10.0.26200-SP0,cpu,2.11.0+cu128,0.26.0+cu128,252c3c9b126d0ef8d845dcb413ffc7dc44b13f73cf200075f1e79e36c3b33449,20
0.5,backdoor_model_replacement,0.18242491657397109,0.924,59.769317626953125,b4112e9268f8aebf51370ddc3ad4be1d772f80bff32cbc9746a16f3df5e9bd0c,mnist,0.4615384615384615,0.3,1.0,tierguard-confirmatory-v1,20,88a02253ff67d0d336dc4dc041c8620b5b851533,True,2,0.9232494507953124,0.2,hfl_fltrust,20,5,0.0,results/confirmatory_v1/mnist/hfl_fltrust/backdoor_model_replacement/alpha_0.5/mal_0.2/seed_303/20260915_131548_433790,41.73649477958679,303,10,0,True,4.0,0.5,relative,0.9,0.75,tierguard-confirmatory-v1,14d610cc9ec7357c3341a8848f3ff882f68045781c29b0f78e6b44bbd1f2103e,"3.12.10 (tags/v3.12.10:0cc8128, Apr  8 2025, 12:21:36) [MSC v.1943 64 bit (AMD64)]",Windows-11-10.0.26200-SP0,cpu,2.11.0+cu128,0.26.0+cu128,69370b49c50c88c3e0caf18f06d054779fd67abd070911f9aa7dc7c37f1b7fc2,20
0.5,backdoor_model_replacement,0.6407119021134594,0.919,60.37508773803711,981507d80ab0523ca616fa690080a8639be623ff6608d224923d0b5eb548d2c2,mnist,0.4615384615384615,0.3,1.0,tierguard-confirmatory-v1,20,88a02253ff67d0d336dc4dc041c8620b5b851533,True,2,0.9196055352883828,0.2,hfl_fltrust,20,5,0.0,results/confirmatory_v1/mnist/hfl_fltrust/backdoor_model_replacement/alpha_0.5/mal_0.2/seed_404/20260915_131548_445834,40.576359033584595,404,10,0,True,4.0,0.5,relative,0.9,0.75,tierguard-confirmatory-v1,14d610cc9ec7357c3341a8848f3ff882f68045781c29b0f78e6b44bbd1f2103e,"3.12.10 (tags/v3.12.10:0cc8128, Apr  8 2025, 12:21:36) [MSC v.1943 64 bit (AMD64)]",Windows-11-10.0.26200-SP0,cpu,2.11.0+cu128,0.26.0+cu128,48bdbd4bec153b75ba6f72cfd5e63eeb4b29ec1fa117844a2f4e461ef6bdb0cb,20
0.5,backdoor_model_replacement,0.7195530726256983,0.928,59.36547088623047,c4327eecd522f27c2591dd0fea888cf258f911880f25fa8358a51f2c057c1644,mnist,0.4615384615384615,0.3,1.0,tierguard-confirmatory-v1,20,88a02253ff67d0d336dc4dc041c8620b5b851533,True,2,0.9271624146950936,0.2,hfl_fltrust,20,5,0.0,results/confirmatory_v1/mnist/hfl_fltrust/backdoor_model_replacement/alpha_0.5/mal_0.2/seed_505/20260915_131551_375167,41.09368348121643,505,10,0,True,4.0,0.5,relative,0.9,0.75,tierguard-confirmatory-v1,14d610cc9ec7357c3341a8848f3ff882f68045781c29b0f78e6b44bbd1f2103e,"3.12.10 (tags/v3.12.10:0cc8128, Apr  8 2025, 12:21:36) [MSC v.1943 64 bit (AMD64)]",Windows-11-10.0.26200-SP0,cpu,2.11.0+cu128,0.26.0+cu128,c74c18a277d27a82380106b1591adda9222e03b679d3ae99a2ad3c80c4152e85,20
0.5,backdoor_model_replacement,0.1951219512195122,0.932,59.769317626953125,9751d4fa5bdd283010f8a1dba53aa962831757d49bb466f5222a4b98e8a71053,mnist,0.4615384615384615,0.3,1.0,tierguard-confirmatory-v1,20,88a02253ff67d0d336dc4dc041c8620b5b851533,True,2,0.9301190116337477,0.2,hfl_fltrust,20,5,0.0,results/confirmatory_v1/mnist/hfl_fltrust/backdoor_model_replacement/alpha_0.5/mal_0.2/seed_606/20260915_131553_796654,41.35994029045105,606,10,0,True,4.0,0.5,relative,0.9,0.75,tierguard-confirmatory-v1,14d610cc9ec7357c3341a8848f3ff882f68045781c29b0f78e6b44bbd1f2103e,"3.12.10 (tags/v3.12.10:0cc8128, Apr  8 2025, 12:21:36) [MSC v.1943 64 bit (AMD64)]",Windows-11-10.0.26200-SP0,cpu,2.11.0+cu128,0.26.0+cu128,4044a9c21d6c6831598078f7dd47ca5254d2bdf64d797c1ba1eaaa33660390d2,20
0.5,backdoor_model_replacement,1.0,0.934,59.97124099731445,c2f6ec148173ddf377d525923849574990d08a5f68a4372e5209d0b850a18cd6,mnist,0.33333333333333337,0.2,1.0,tierguard-confirmatory-v1,20,88a02253ff67d0d336dc4dc041c8620b5b851533,True,2,0.9320275460461591,0.2,hfl_rfa,20,5,0.0,results/confirmatory_v1/mnist/hfl_rfa/backdoor_model_replacement/alpha_0.5/mal_0.2/seed_101/20260915_131731_298899,41.04060244560242,101,10,0,True,4.0,0.5,relative,0.9,0.75,tierguard-confirmatory-v1,14d610cc9ec7357c3341a8848f3ff882f68045781c29b0f78e6b44bbd1f2103e,"3.12.10 (tags/v3.12.10:0cc8128, Apr  8 2025, 12:21:36) [MSC v.1943 64 bit (AMD64)]",Windows-11-10.0.26200-SP0,cpu,2.11.0+cu128,0.26.0+cu128,3535bb30335caa423fc3cfd1c89aa3438b68cd464bb7bb04aba7e7967bfb41bc,20
0.5,backdoor_model_replacement,0.5011061946902655,0.893,59.97124099731445,a63104c02b7a8bbbc305cb6a9fcb54b95cf93ac4985c7fbca071c370087876a0,mnist,0.4615384615384615,0.3,1.0,tierguard-confirmatory-v1,20,88a02253ff67d0d336dc4dc041c8620b5b851533,True,2,0.8909605323084347,0.2,hfl_rfa,20,5,0.0,results/confirmatory_v1/mnist/hfl_rfa/backdoor_model_replacement/alpha_0.5/mal_0.2/seed_202/20260915_131732_279822,41.514697790145874,202,10,0,True,4.0,0.5,relative,0.9,0.75,tierguard-confirmatory-v1,14d610cc9ec7357c3341a8848f3ff882f68045781c29b0f78e6b44bbd1f2103e,"3.12.10 (tags/v3.12.10:0cc8128, Apr  8 2025, 12:21:36) [MSC v.1943 64 bit (AMD64)]",Windows-11-10.0.26200-SP0,cpu,2.11.0+cu128,0.26.0+cu128,e3f75e458de565e3b9b4edc8c533bc8392641117f82f707eafa9a6a1f8f3e581,20
0.5,backdoor_model_replacement,0.9299221357063404,0.913,59.769317626953125,bdc213bf71bc687a4fcaaa5ab3a7506a9ab83b5d0154aeffef2e846117b6cf1e,mnist,0.4615384615384615,0.3,1.0,tierguard-confirmatory-v1,20,88a02253ff67d0d336dc4dc041c8620b5b851533,True,2,0.911555314816383,0.2,hfl_rfa,20,5,0.0,results/confirmatory_v1/mnist/hfl_rfa/backdoor_model_replacement/alpha_0.5/mal_0.2/seed_303/20260915_131812_834602,42.66050839424133,303,10,0,True,4.0,0.5,relative,0.9,0.75,tierguard-confirmatory-v1,14d610cc9ec7357c3341a8848f3ff882f68045781c29b0f78e6b44bbd1f2103e,"3.12.10 (tags/v3.12.10:0cc8128, Apr  8 2025, 12:21:36) [MSC v.1943 64 bit (AMD64)]",Windows-11-10.0.26200-SP0,cpu,2.11.0+cu128,0.26.0+cu128,1b4e8fcc7058cc08e43a2b80269f7ceead1ac418bdf12db890e7e93f245edf9d,20
0.5,backdoor_model_replacement,0.9888765294771968,0.92,60.37508773803711,4433f078dff9952ce624de888c47d7220c750c5d630b42c99ef45082c3f9e12b,mnist,0.4615384615384615,0.3,1.0,tierguard-confirmatory-v1,20,88a02253ff67d0d336dc4dc041c8620b5b851533,True,2,0.9204880069665113,0.2,hfl_rfa,20,5,0.0,results/confirmatory_v1/mnist/hfl_rfa/backdoor_model_replacement/alpha_0.5/mal_0.2/seed_404/20260915_131817_261929,40.60383677482605,404,10,0,True,4.0,0.5,relative,0.9,0.75,tierguard-confirmatory-v1,14d610cc9ec7357c3341a8848f3ff882f68045781c29b0f78e6b44bbd1f2103e,"3.12.10 (tags/v3.12.10:0cc8128, Apr  8 2025, 12:21:36) [MSC v.1943 64 bit (AMD64)]",Windows-11-10.0.26200-SP0,cpu,2.11.0+cu128,0.26.0+cu128,d034280829fc82fa1a98d94cd07463a2a0dd7bb688d37e6440a55c4b7f9567f6,20
0.5,backdoor_model_replacement,1.0,0.923,59.36547088623047,6e29b9afd4d5e04908a179c9e5c1214e3b681bfada994c33db19ed2bfb1674dc,mnist,0.4615384615384615,0.3,1.0,tierguard-confirmatory-v1,20,88a02253ff67d0d336dc4dc041c8620b5b851533,True,2,0.9229389264599892,0.2,hfl_rfa,20,5,0.0,results/confirmatory_v1/mnist/hfl_rfa/backdoor_model_replacement/alpha_0.5/mal_0.2/seed_505/20260915_131821_004318,40.715006589889526,505,10,0,True,4.0,0.5,relative,0.9,0.75,tierguard-confirmatory-v1,14d610cc9ec7357c3341a8848f3ff882f68045781c29b0f78e6b44bbd1f2103e,"3.12.10 (tags/v3.12.10:0cc8128, Apr  8 2025, 12:21:36) [MSC v.1943 64 bit (AMD64)]",Windows-11-10.0.26200-SP0,cpu,2.11.0+cu128,0.26.0+cu128,5321872fbf37127f7815a3ed188d41a23df9a7ed9b55c4d5925cf82a58c16054,20
0.5,backdoor_model_replacement,1.0,0.953,59.769317626953125,8f4fc7b344457ecbeb12a31fb6e165b2bce1974ce7c2409293439fe7585beb6f,mnist,0.4615384615384615,0.3,1.0,tierguard-confirmatory-v1,20,88a02253ff67d0d336dc4dc041c8620b5b851533,True,2,0.9519715311129582,0.2,hfl_rfa,20,5,0.0,results/confirmatory_v1/mnist/hfl_rfa/backdoor_model_replacement/alpha_0.5/mal_0.2/seed_606/20260915_131822_415894,40.19882035255432,606,10,0,True,4.0,0.5,relative,0.9,0.75,tierguard-confirmatory-v1,14d610cc9ec7357c3341a8848f3ff882f68045781c29b0f78e6b44bbd1f2103e,"3.12.10 (tags/v3.12.10:0cc8128, Apr  8 2025, 12:21:36) [MSC v.1943 64 bit (AMD64)]",Windows-11-10.0.26200-SP0,cpu,2.11.0+cu128,0.26.0+cu128,1fc93368f5d9fcb7f7e391999571d8bdb510cfef1037998c27295b57851e90f7,20
0.5,backdoor_model_replacement,0.9988950276243094,0.834,59.97124099731445,b57c123a78ac0b11471586c3353259b542d3e863e307b3a78665da2546392f4c,mnist,0.33333333333333337,0.2,1.0,tierguard-confirmatory-v1,20,88a02253ff67d0d336dc4dc041c8620b5b851533,True,2,0.8226402318576735,0.2,hfl_trimmed_mean,20,5,0.0,results/confirmatory_v1/mnist/hfl_trimmed_mean/backdoor_model_replacement/alpha_0.5/mal_0.2/seed_101/20260915_131637_566397,39.02606749534607,101,10,0,True,4.0,0.5,relative,0.9,0.75,tierguard-confirmatory-v1,14d610cc9ec7357c3341a8848f3ff882f68045781c29b0f78e6b44bbd1f2103e,"3.12.10 (tags/v3.12.10:0cc8128, Apr  8 2025, 12:21:36) [MSC v.1943 64 bit (AMD64)]",Windows-11-10.0.26200-SP0,cpu,2.11.0+cu128,0.26.0+cu128,3fd9ef085befaf31acab79348c1d695c69e8e294b3b96f7107dfb079a3bc6da4,20
0.5,backdoor_model_replacement,0.995575221238938,0.908,59.97124099731445,f7f91eeacede48a7f8ee0613768412b7a44d565ef5e2962660b5a808c6799367,mnist,0.4615384615384615,0.3,1.0,tierguard-confirmatory-v1,20,88a02253ff67d0d336dc4dc041c8620b5b851533,True,2,0.9040872744769735,0.2,hfl_trimmed_mean,20,5,0.0,results/confirmatory_v1/mnist/hfl_trimmed_mean/backdoor_model_replacement/alpha_0.5/mal_0.2/seed_202/20260915_131638_662706,40.69869303703308,202,10,0,True,4.0,0.5,relative,0.9,0.75,tierguard-confirmatory-v1,14d610cc9ec7357c3341a8848f3ff882f68045781c29b0f78e6b44bbd1f2103e,"3.12.10 (tags/v3.12.10:0cc8128, Apr  8 2025, 12:21:36) [MSC v.1943 64 bit (AMD64)]",Windows-11-10.0.26200-SP0,cpu,2.11.0+cu128,0.26.0+cu128,9335200df26f90fbf0eb784617488f646ed94458dcd26e24bd732c99c3f79080,20
0.5,backdoor_model_replacement,0.996662958843159,0.938,59.769317626953125,ffa779fbb83e544e592e2beb1db3eea97c17fc7357793c52dc9ccf001c4ea547,mnist,0.4615384615384615,0.3,1.0,tierguard-confirmatory-v1,20,88a02253ff67d0d336dc4dc041c8620b5b851533,True,2,0.9367464877751589,0.2,hfl_trimmed_mean,20,5,0.0,results/confirmatory_v1/mnist/hfl_trimmed_mean/backdoor_model_replacement/alpha_0.5/mal_0.2/seed_303/20260915_131640_934258,42.0410635471344,303,10,0,True,4.0,0.5,relative,0.9,0.75,tierguard-confirmatory-v1,14d610cc9ec7357c3341a8848f3ff882f68045781c29b0f78e6b44bbd1f2103e,"3.12.10 (tags/v3.12.10:0cc8128, Apr  8 2025, 12:21:36) [MSC v.1943 64 bit (AMD64)]",Windows-11-10.0.26200-SP0,cpu,2.11.0+cu128,0.26.0+cu128,8d67b562f29798b72c6aac42f7fb31544b475775af34937c59c7a6f8952e59ee,20
0.5,backdoor_model_replacement,0.9933259176863182,0.942,60.37508773803711,9611b4928d8d4382e3e70b01479cde58c2a4a71d7a01f702732ad1b521ddece1,mnist,0.4615384615384615,0.3,1.0,tierguard-confirmatory-v1,20,88a02253ff67d0d336dc4dc041c8620b5b851533,True,2,0.9416661528137361,0.2,hfl_trimmed_mean,20,5,0.0,results/confirmatory_v1/mnist/hfl_trimmed_mean/backdoor_model_replacement/alpha_0.5/mal_0.2/seed_404/20260915_131643_739361,40.40832591056824,404,10,0,True,4.0,0.5,relative,0.9,0.75,tierguard-confirmatory-v1,14d610cc9ec7357c3341a8848f3ff882f68045781c29b0f78e6b44bbd1f2103e,"3.12.10 (tags/v3.12.10:0cc8128, Apr  8 2025, 12:21:36) [MSC v.1943 64 bit (AMD64)]",Windows-11-10.0.26200-SP0,cpu,2.11.0+cu128,0.26.0+cu128,314aa869abfbfbd9f65a1f977081254b85ce24294da4df5083e9eae66fd6e4be,20
0.5,backdoor_model_replacement,0.9988826815642458,0.929,59.36547088623047,2c398bdde501113154c39b5c6b4d87d00fd891344c24fd0c752c37d0ca27f298,mnist,0.4615384615384615,0.3,1.0,tierguard-confirmatory-v1,20,88a02253ff67d0d336dc4dc041c8620b5b851533,True,2,0.9283281129350527,0.2,hfl_trimmed_mean,20,5,0.0,results/confirmatory_v1/mnist/hfl_trimmed_mean/backdoor_model_replacement/alpha_0.5/mal_0.2/seed_505/20260915_131724_632652,39.777374505996704,505,10,0,True,4.0,0.5,relative,0.9,0.75,tierguard-confirmatory-v1,14d610cc9ec7357c3341a8848f3ff882f68045781c29b0f78e6b44bbd1f2103e,"3.12.10 (tags/v3.12.10:0cc8128, Apr  8 2025, 12:21:36) [MSC v.1943 64 bit (AMD64)]",Windows-11-10.0.26200-SP0,cpu,2.11.0+cu128,0.26.0+cu128,8d0f80809f16088d51068a721da634a2f192fb739a8f2d956455928094b23282,20
0.5,backdoor_model_replacement,0.9988913525498891,0.871,59.769317626953125,374cc6aeae9d62bf8dc3818f02cf61d740c643811a89ee3cb48ea69cb967c9b1,mnist,0.4615384615384615,0.3,1.0,tierguard-confirmatory-v1,20,88a02253ff67d0d336dc4dc041c8620b5b851533,True,2,0.8661442210287923,0.2,hfl_trimmed_mean,20,5,0.0,results/confirmatory_v1/mnist/hfl_trimmed_mean/backdoor_model_replacement/alpha_0.5/mal_0.2/seed_606/20260915_131727_970803,40.81452536582947,606,10,0,True,4.0,0.5,relative,0.9,0.75,tierguard-confirmatory-v1,14d610cc9ec7357c3341a8848f3ff882f68045781c29b0f78e6b44bbd1f2103e,"3.12.10 (tags/v3.12.10:0cc8128, Apr  8 2025, 12:21:36) [MSC v.1943 64 bit (AMD64)]",Windows-11-10.0.26200-SP0,cpu,2.11.0+cu128,0.26.0+cu128,2cdadd2e993cfe61d235002abe3ee8556ff413f41e7cb5d3cf5db2aa45c61667,20
0.5,backdoor_model_replacement,0.23314917127071824,0.922,59.97124099731445,9000f8ffc153f50ae5f73f5e883d8ed157a6de068536de2ddebcae816678d6f9,mnist,0.5714285714285715,0.4,1.0,tierguard-confirmatory-v1,20,88a02253ff67d0d336dc4dc041c8620b5b851533,True,2,0.9197385716673294,0.2,tierguard,20,5,0.0,results/confirmatory_v1/mnist/tierguard/backdoor_model_replacement/alpha_0.5/mal_0.2/seed_101/20260915_131904_304260,42.97177481651306,101,10,0,True,4.0,0.5,relative,0.9,0.75,tierguard-confirmatory-v1,14d610cc9ec7357c3341a8848f3ff882f68045781c29b0f78e6b44bbd1f2103e,"3.12.10 (tags/v3.12.10:0cc8128, Apr  8 2025, 12:21:36) [MSC v.1943 64 bit (AMD64)]",Windows-11-10.0.26200-SP0,cpu,2.11.0+cu128,0.26.0+cu128,b7e51d774b2252f50b9f5935e4822a9268144f681a5be7f43d2aa42e98de3f37,20
0.5,backdoor_model_replacement,0.06969026548672566,0.946,59.97124099731445,1707f9c92efd7f326c642b4fcb06c55c93ba1d593e86b0eeb1334a4140e6911f,mnist,0.7499999999999999,0.6,1.0,tierguard-confirmatory-v1,20,88a02253ff67d0d336dc4dc041c8620b5b851533,True,2,0.9443364722778254,0.2,tierguard,20,5,0.0,results/confirmatory_v1/mnist/tierguard/backdoor_model_replacement/alpha_0.5/mal_0.2/seed_202/20260915_131906_645906,43.19401431083679,202,10,0,True,4.0,0.5,relative,0.9,0.75,tierguard-confirmatory-v1,14d610cc9ec7357c3341a8848f3ff882f68045781c29b0f78e6b44bbd1f2103e,"3.12.10 (tags/v3.12.10:0cc8128, Apr  8 2025, 12:21:36) [MSC v.1943 64 bit (AMD64)]",Windows-11-10.0.26200-SP0,cpu,2.11.0+cu128,0.26.0+cu128,78f8b820c94f30fd4822a74c16d7aad333f0d3d12bdc703d28f4f7c34edfd934,20
0.5,backdoor_model_replacement,0.3548387096774194,0.934,59.769317626953125,1074589c5c567d744440dd34d6c6fd71b38e12c9177c4b5848a675b1f7ff63de,mnist,0.7499999999999999,0.6,1.0,tierguard-confirmatory-v1,20,88a02253ff67d0d336dc4dc041c8620b5b851533,True,2,0.9338305511648727,0.2,tierguard,20,5,0.0,results/confirmatory_v1/mnist/tierguard/backdoor_model_replacement/alpha_0.5/mal_0.2/seed_303/20260915_131910_604157,44.41208219528198,303,10,0,True,4.0,0.5,relative,0.9,0.75,tierguard-confirmatory-v1,14d610cc9ec7357c3341a8848f3ff882f68045781c29b0f78e6b44bbd1f2103e,"3.12.10 (tags/v3.12.10:0cc8128, Apr  8 2025, 12:21:36) [MSC v.1943 64 bit (AMD64)]",Windows-11-10.0.26200-SP0,cpu,2.11.0+cu128,0.26.0+cu128,4ceb4d11f6d7fcfa22009b4fd54c7645946ab3a22571cd967d3fac861262acbb,20
0.5,backdoor_model_replacement,0.09899888765294772,0.926,60.37508773803711,c3432c33232a9806d549e1e2b9b6560ff69da23751b6c4b0f83a60162d36e9fa,mnist,0.7499999999999999,0.6,1.0,tierguard-confirmatory-v1,20,88a02253ff67d0d336dc4dc041c8620b5b851533,True,2,0.9261825710956801,0.2,tierguard,20,5,0.0,results/confirmatory_v1/mnist/tierguard/backdoor_model_replacement/alpha_0.5/mal_0.2/seed_404/20260915_131911_128393,42.93347430229187,404,10,0,True,4.0,0.5,relative,0.9,0.75,tierguard-confirmatory-v1,14d610cc9ec7357c3341a8848f3ff882f68045781c29b0f78e6b44bbd1f2103e,"3.12.10 (tags/v3.12.10:0cc8128, Apr  8 2025, 12:21:36) [MSC v.1943 64 bit (AMD64)]",Windows-11-10.0.26200-SP0,cpu,2.11.0+cu128,0.26.0+cu128,1b3877b8603c42b596b266f82eace544976fb70648dc5de30d49b652aa61b69e,20
0.5,backdoor_model_replacement,0.788826815642458,0.921,59.36547088623047,a9d3080f2788e5342ae5dddba3008060432cd648122a503f2cf40ce52c418165,mnist,0.7499999999999999,0.6,1.0,tierguard-confirmatory-v1,20,88a02253ff67d0d336dc4dc041c8620b5b851533,True,2,0.9202873423205705,0.2,tierguard,20,5,0.0,results/confirmatory_v1/mnist/tierguard/backdoor_model_replacement/alpha_0.5/mal_0.2/seed_505/20260915_131956_087408,42.70633840560913,505,10,0,True,4.0,0.5,relative,0.9,0.75,tierguard-confirmatory-v1,14d610cc9ec7357c3341a8848f3ff882f68045781c29b0f78e6b44bbd1f2103e,"3.12.10 (tags/v3.12.10:0cc8128, Apr  8 2025, 12:21:36) [MSC v.1943 64 bit (AMD64)]",Windows-11-10.0.26200-SP0,cpu,2.11.0+cu128,0.26.0+cu128,c86f04730214a96d0f64f92690b501e1e6c6357d8247d3ea6273e9f7c2e0a344,20
0.5,backdoor_model_replacement,0.647450110864745,0.939,59.769317626953125,257736f13d68068f287a1b3d9c1562b3c5b83823ba92c3df7a7d47cf2475ecbb,mnist,0.7499999999999999,0.6,1.0,tierguard-confirmatory-v1,20,88a02253ff67d0d336dc4dc041c8620b5b851533,True,2,0.9374911849464371,0.2,tierguard,20,5,0.0,results/confirmatory_v1/mnist/tierguard/backdoor_model_replacement/alpha_0.5/mal_0.2/seed_606/20260915_131958_787294,44.33225154876709,606,10,0,True,4.0,0.5,relative,0.9,0.75,tierguard-confirmatory-v1,14d610cc9ec7357c3341a8848f3ff882f68045781c29b0f78e6b44bbd1f2103e,"3.12.10 (tags/v3.12.10:0cc8128, Apr  8 2025, 12:21:36) [MSC v.1943 64 bit (AMD64)]",Windows-11-10.0.26200-SP0,cpu,2.11.0+cu128,0.26.0+cu128,5c5d8e7d635e2828d562898838f0028cd65786b22ff8bd646137b70b2fcbc31f,20
